year,round_number,home_team,away_team,model,predicted_home_margin,home_margin,predicted_home_win,home_win,draw,tip_point
2010,1,Richmond,Carlton,oddsmakers,-16.5,-56.0,0,0,0,1
2010,1,Geelong,Essendon,oddsmakers,28.5,31.0,1,1,0,1
2010,1,Sydney,St Kilda,oddsmakers,-14.5,-8.0,0,0,0,1
2010,1,Brisbane,West Coast,oddsmakers,21.5,32.0,1,1,0,1
2010,1,Melbourne,Hawthorn,oddsmakers,-31.5,-56.0,0,0,0,1
2010,1,Port Adelaide,North Melbourne,oddsmakers,16.5,14.0,1,1,0,1
2010,1,Fremantle,Adelaide,oddsmakers,-1.5,56.0,0,1,0,0
2010,1,Western Bulldogs,Collingwood,oddsmakers,8.5,-36.0,1,0,0,0
2010,2,Brisbane,Carlton,oddsmakers,19.5,19.0,1,1,0,1
2010,2,West Coast,Port Adelaide,oddsmakers,10.5,-3.0,1,0,0,0
2010,2,St Kilda,North Melbourne,oddsmakers,34.5,104.0,1,1,0,1
2010,2,Collingwood,Melbourne,oddsmakers,46.5,1.0,1,1,0,1
2010,2,Adelaide,Sydney,oddsmakers,12.5,-43.0,1,0,0,0
2010,2,Essendon,Fremantle,oddsmakers,16.5,-44.0,1,0,0,0
2010,2,Richmond,Western Bulldogs,oddsmakers,-46.5,-72.0,0,0,0,1
2010,2,Hawthorn,Geelong,oddsmakers,-12.5,-9.0,0,0,0,1
2010,3,St Kilda,Collingwood,oddsmakers,20.5,28.0,1,1,0,1
2010,3,Port Adelaide,Brisbane,oddsmakers,-0.0,-27.0,1,0,0,0
2010,3,North Melbourne,West Coast,oddsmakers,1.5,25.0,1,1,0,1
2010,3,Carlton,Essendon,oddsmakers,15.5,-20.0,1,0,0,0
2010,3,Sydney,Richmond,oddsmakers,41.5,55.0,1,1,0,1
2010,3,Fremantle,Geelong,oddsmakers,-9.5,7.0,0,1,0,0
2010,3,Western Bulldogs,Hawthorn,oddsmakers,14.5,16.0,1,1,0,1
2010,3,Melbourne,Adelaide,oddsmakers,-13.5,16.0,0,1,0,0
2010,4,West Coast,Essendon,oddsmakers,10.5,23.0,1,1,0,1
2010,4,Adelaide,Carlton,oddsmakers,2.5,-48.0,1,0,0,0
2010,4,North Melbourne,Sydney,oddsmakers,-13.5,-40.0,0,0,0,1
2010,4,Brisbane,Western Bulldogs,oddsmakers,-4.5,22.0,0,1,0,0
2010,4,Collingwood,Hawthorn,oddsmakers,8.5,64.0,1,1,0,1
2010,4,St Kilda,Fremantle,oddsmakers,22.5,15.0,1,1,0,1
2010,4,Geelong,Port Adelaide,oddsmakers,38.5,95.0,1,1,0,1
2010,4,Richmond,Melbourne,oddsmakers,-22.5,-55.0,0,0,0,1
2010,5,Western Bulldogs,Adelaide,oddsmakers,40.5,49.0,1,1,0,1
2010,5,Port Adelaide,St Kilda,oddsmakers,-21.5,10.0,0,1,0,0
2010,5,Melbourne,Brisbane,oddsmakers,-21.5,50.0,0,1,0,0
2010,5,Sydney,West Coast,oddsmakers,32.5,52.0,1,1,0,1
2010,5,Fremantle,Richmond,oddsmakers,50.5,39.0,1,1,0,1
2010,5,Collingwood,Essendon,oddsmakers,23.5,65.0,1,1,0,1
2010,5,Hawthorn,North Melbourne,oddsmakers,20.5,-12.0,1,0,0,0
2010,5,Carlton,Geelong,oddsmakers,-29.5,36.0,0,1,0,0
2010,6,Western Bulldogs,St Kilda,oddsmakers,4.5,-3.0,1,0,0,0
2010,6,Adelaide,Port Adelaide,oddsmakers,-12.5,-23.0,0,0,0,1
2010,6,North Melbourne,Melbourne,oddsmakers,-3.5,26.0,0,1,0,0
2010,6,Essendon,Hawthorn,oddsmakers,-14.5,43.0,0,1,0,0
2010,6,Sydney,Brisbane,oddsmakers,12.5,20.0,1,1,0,1
2010,6,West Coast,Fremantle,oddsmakers,-17.5,-38.0,0,0,0,1
2010,6,Geelong,Richmond,oddsmakers,60.5,108.0,1,1,0,1
2010,6,Carlton,Collingwood,oddsmakers,-13.5,-53.0,0,0,0,1
2010,7,Melbourne,Western Bulldogs,oddsmakers,-26.5,-4.0,0,0,0,1
2010,7,West Coast,Hawthorn,oddsmakers,12.5,8.0,1,1,0,1
2010,7,Essendon,Port Adelaide,oddsmakers,4.5,-3.0,1,0,0,0
2010,7,Brisbane,Fremantle,oddsmakers,14.5,-13.0,1,0,0,0
2010,7,Collingwood,North Melbourne,oddsmakers,30.5,66.0,1,1,0,1
2010,7,Adelaide,Richmond,oddsmakers,29.5,50.0,1,1,0,1
2010,7,Geelong,Sydney,oddsmakers,23.5,67.0,1,1,0,1
2010,7,St Kilda,Carlton,oddsmakers,16.5,-61.0,1,0,0,0
2010,8,Fremantle,Collingwood,oddsmakers,-3.5,-36.0,0,0,0,1
2010,8,North Melbourne,Adelaide,oddsmakers,9.5,9.0,1,1,0,1
2010,8,Brisbane,Geelong,oddsmakers,-20.5,-81.0,0,0,0,1
2010,8,Melbourne,West Coast,oddsmakers,19.5,-29.0,1,0,0,0
2010,8,Western Bulldogs,Sydney,oddsmakers,9.5,38.0,1,1,0,1
2010,8,Port Adelaide,Carlton,oddsmakers,1.5,-26.0,1,0,0,0
2010,8,St Kilda,Essendon,oddsmakers,17.5,-12.0,1,0,0,0
2010,8,Richmond,Hawthorn,oddsmakers,-30.5,-3.0,0,0,0,1
2010,9,Collingwood,Geelong,oddsmakers,-4.5,-36.0,0,0,0,1
2010,9,North Melbourne,Western Bulldogs,oddsmakers,-26.5,-70.0,0,0,0,1
2010,9,Essendon,Richmond,oddsmakers,24.5,35.0,1,1,0,1
2010,9,Sydney,Fremantle,oddsmakers,5.5,-37.0,1,0,0,0
2010,9,Melbourne,Port Adelaide,oddsmakers,-11.5,1.0,0,1,0,0
2010,9,Adelaide,Brisbane,oddsmakers,-5.5,12.0,0,1,0,0
2010,9,West Coast,St Kilda,oddsmakers,-3.5,-35.0,0,0,0,1
2010,9,Carlton,Hawthorn,oddsmakers,19.5,-50.0,1,0,0,0
2010,10,Essendon,Western Bulldogs,oddsmakers,-19.5,9.0,0,1,0,0
2010,10,Port Adelaide,Richmond,oddsmakers,30.5,-47.0,1,0,0,0
2010,10,St Kilda,Adelaide,oddsmakers,26.5,47.0,1,1,0,1
2010,10,Geelong,Melbourne,oddsmakers,50.5,54.0,1,1,0,1
2010,10,Brisbane,Collingwood,oddsmakers,-22.5,8.0,0,1,0,0
2010,10,Fremantle,North Melbourne,oddsmakers,38.5,61.0,1,1,0,1
2010,10,Carlton,West Coast,oddsmakers,30.5,29.0,1,1,0,1
2010,10,Hawthorn,Sydney,oddsmakers,21.5,2.0,1,1,0,1
2010,11,Richmond,St Kilda,oddsmakers,-37.5,-38.0,0,0,0,1
2010,11,Adelaide,Fremantle,oddsmakers,-17.5,23.0,0,1,0,0
2010,11,West Coast,Geelong,oddsmakers,-39.5,-24.0,0,0,0,1
2010,11,North Melbourne,Brisbane,oddsmakers,-12.5,1.0,0,1,0,0
2010,11,Carlton,Melbourne,oddsmakers,19.5,41.0,1,1,0,1
2010,11,Collingwood,Western Bulldogs,oddsmakers,6.5,10.0,1,1,0,1
2010,11,Hawthorn,Port Adelaide,oddsmakers,18.5,11.0,1,1,0,1
2010,11,Sydney,Essendon,oddsmakers,7.5,9.0,1,1,0,1
2010,12,North Melbourne,Carlton,oddsmakers,-23.5,29.0,0,1,0,0
2010,12,Port Adelaide,Sydney,oddsmakers,2.5,-38.0,1,0,0,0
2010,12,Essendon,Geelong,oddsmakers,-25.5,-71.0,0,0,0,1
2010,12,Hawthorn,Adelaide,oddsmakers,18.5,47.0,1,1,0,1
2010,12,Fremantle,St Kilda,oddsmakers,7.5,-18.0,1,0,0,0
2010,12,Western Bulldogs,Brisbane,oddsmakers,24.5,65.0,1,1,0,1
2010,12,Richmond,West Coast,oddsmakers,2.5,49.0,1,1,0,1
2010,12,Melbourne,Collingwood,oddsmakers,-32.5,0.0,0,0,1,1
2010,13,Hawthorn,Essendon,oddsmakers,11.5,16.0,1,1,0,1
2010,13,Carlton,Fremantle,oddsmakers,7.5,-9.0,1,0,0,0
2010,13,Brisbane,Richmond,oddsmakers,17.5,-19.0,1,0,0,0
2010,13,West Coast,Western Bulldogs,oddsmakers,-21.5,-60.0,0,0,0,1
2010,13,North Melbourne,Port Adelaide,oddsmakers,20.5,36.0,1,1,0,1
2010,13,St Kilda,Geelong,oddsmakers,-20.5,24.0,0,1,0,0
2010,13,Sydney,Collingwood,oddsmakers,-7.5,-25.0,0,0,0,1
2010,13,Adelaide,Melbourne,oddsmakers,8.5,44.0,1,1,0,1
2010,14,Carlton,Brisbane,oddsmakers,24.5,55.0,1,1,0,1
2010,14,Hawthorn,Western Bulldogs,oddsmakers,-9.5,3.0,0,1,0,0
2010,14,Adelaide,Essendon,oddsmakers,8.5,84.0,1,1,0,1
2010,14,Fremantle,Port Adelaide,oddsmakers,38.5,57.0,1,1,0,1
2010,14,Collingwood,West Coast,oddsmakers,48.5,83.0,1,1,0,1
2010,14,St Kilda,Melbourne,oddsmakers,35.5,35.0,1,1,0,1
2010,14,Geelong,North Melbourne,oddsmakers,35.5,35.0,1,1,0,1
2010,14,Richmond,Sydney,oddsmakers,-7.5,4.0,0,1,0,0
2010,15,Port Adelaide,Collingwood,oddsmakers,-31.5,-26.0,0,0,0,1
2010,15,West Coast,Adelaide,oddsmakers,-15.5,-22.0,0,0,0,1
2010,15,Richmond,Fremantle,oddsmakers,-14.5,19.0,0,1,0,0
2010,15,Brisbane,St Kilda,oddsmakers,-25.5,-14.0,0,0,0,1
2010,15,Geelong,Hawthorn,oddsmakers,19.5,2.0,1,1,0,1
2010,15,Carlton,Western Bulldogs,oddsmakers,-13.5,-68.0,0,0,0,1
2010,15,Melbourne,Essendon,oddsmakers,1.5,19.0,1,1,0,1
2010,15,Sydney,North Melbourne,oddsmakers,16.5,30.0,1,1,0,1
2010,16,Adelaide,Geelong,oddsmakers,-24.5,11.0,0,1,0,0
2010,16,Essendon,West Coast,oddsmakers,17.5,-32.0,1,0,0,0
2010,16,Collingwood,St Kilda,oddsmakers,-5.5,48.0,0,1,0,0
2010,16,Western Bulldogs,Port Adelaide,oddsmakers,31.5,36.0,1,1,0,1
2010,16,Hawthorn,Brisbane,oddsmakers,23.5,75.0,1,1,0,1
2010,16,Fremantle,Melbourne,oddsmakers,29.5,11.0,1,1,0,1
2010,16,Carlton,Sydney,oddsmakers,10.5,-39.0,1,0,0,0
2010,16,Richmond,North Melbourne,oddsmakers,2.5,-50.0,1,0,0,0
2010,17,St Kilda,Hawthorn,oddsmakers,6.5,0.0,1,0,1,1
2010,17,West Coast,Carlton,oddsmakers,-1.5,-26.0,0,0,0,1
2010,17,North Melbourne,Essendon,oddsmakers,15.5,-3.0,1,0,0,0
2010,17,Geelong,Brisbane,oddsmakers,51.5,63.0,1,1,0,1
2010,17,Collingwood,Richmond,oddsmakers,41.5,82.0,1,1,0,1
2010,17,Port Adelaide,Adelaide,oddsmakers,-20.5,19.0,0,1,0,0
2010,17,Western Bulldogs,Fremantle,oddsmakers,22.5,82.0,1,1,0,1
2010,17,Melbourne,Sydney,oddsmakers,-9.5,73.0,0,1,0,0
2010,18,Essendon,St Kilda,oddsmakers,-31.5,33.0,0,1,0,0
2010,18,Port Adelaide,Hawthorn,oddsmakers,-19.5,8.0,0,1,0,0
2010,18,Sydney,Geelong,oddsmakers,-25.5,-53.0,0,0,0,1
2010,18,Brisbane,Melbourne,oddsmakers,3.5,-10.0,1,0,0,0
2010,18,Collingwood,Carlton,oddsmakers,30.5,48.0,1,1,0,1
2010,18,Fremantle,West Coast,oddsmakers,19.5,75.0,1,1,0,1
2010,18,Western Bulldogs,North Melbourne,oddsmakers,33.5,71.0,1,1,0,1
2010,18,Richmond,Adelaide,oddsmakers,-8.5,20.0,0,1,0,0
2010,19,Essendon,Carlton,oddsmakers,-2.5,-76.0,0,0,0,1
2010,19,West Coast,Brisbane,oddsmakers,8.5,-5.0,1,0,0,0
2010,19,North Melbourne,Fremantle,oddsmakers,2.5,54.0,1,1,0,1
2010,19,Geelong,Collingwood,oddsmakers,3.5,-22.0,1,0,0,0
2010,19,Sydney,Hawthorn,oddsmakers,-5.5,44.0,0,1,0,0
2010,19,Adelaide,Western Bulldogs,oddsmakers,-21.5,-8.0,0,0,0,1
2010,19,St Kilda,Port Adelaide,oddsmakers,29.5,94.0,1,1,0,1
2010,19,Melbourne,Richmond,oddsmakers,13.5,29.0,1,1,0,1
2010,20,Essendon,Collingwood,oddsmakers,-40.5,-98.0,0,0,0,1
2010,20,Port Adelaide,West Coast,oddsmakers,19.5,1.0,1,1,0,1
2010,20,Fremantle,Sydney,oddsmakers,9.5,-9.0,1,0,0,0
2010,20,Western Bulldogs,Geelong,oddsmakers,-11.5,-101.0,0,0,0,1
2010,20,Carlton,Richmond,oddsmakers,21.5,89.0,1,1,0,1
2010,20,North Melbourne,St Kilda,oddsmakers,-25.5,-52.0,0,0,0,1
2010,20,Brisbane,Adelaide,oddsmakers,-3.5,-7.0,0,0,0,1
2010,20,Hawthorn,Melbourne,oddsmakers,7.5,21.0,1,1,0,1
2010,21,Geelong,Carlton,oddsmakers,29.5,42.0,1,1,0,1
2010,21,St Kilda,Richmond,oddsmakers,44.5,21.0,1,1,0,1
2010,21,Collingwood,Adelaide,oddsmakers,54.5,3.0,1,1,0,1
2010,21,Sydney,Western Bulldogs,oddsmakers,-6.5,44.0,0,1,0,0
2010,21,Hawthorn,Fremantle,oddsmakers,42.5,116.0,1,1,0,1
2010,21,Port Adelaide,Melbourne,oddsmakers,-2.5,29.0,0,1,0,0
2010,21,West Coast,North Melbourne,oddsmakers,-4.5,-16.0,0,0,0,1
2010,21,Essendon,Brisbane,oddsmakers,8.5,-27.0,1,0,0,0
2010,22,Fremantle,Carlton,oddsmakers,11.5,6.0,1,1,0,1
2010,22,Adelaide,St Kilda,oddsmakers,-12.5,28.0,0,1,0,0
2010,22,Western Bulldogs,Essendon,oddsmakers,29.5,29.0,1,1,0,1
2010,22,Geelong,West Coast,oddsmakers,71.5,44.0,1,1,0,1
2010,22,Brisbane,Sydney,oddsmakers,-19.5,-38.0,0,0,0,1
2010,22,Hawthorn,Collingwood,oddsmakers,-13.5,3.0,0,1,0,0
2010,22,Richmond,Port Adelaide,oddsmakers,8.5,-10.0,1,0,0,0
2010,22,Melbourne,North Melbourne,oddsmakers,-1.5,-10.0,0,0,0,1
2010,25,Geelong,St Kilda,oddsmakers,18.5,-4.0,1,0,0,0
2010,25,Fremantle,Hawthorn,oddsmakers,-6.5,30.0,0,1,0,0
2010,25,Collingwood,Western Bulldogs,oddsmakers,24.5,62.0,1,1,0,1
2010,25,Sydney,Carlton,oddsmakers,15.5,5.0,1,1,0,1
2010,26,Geelong,Fremantle,oddsmakers,38.5,69.0,1,1,0,1
2010,26,Western Bulldogs,Sydney,oddsmakers,-1.5,5.0,0,1,0,0
2010,27,Collingwood,Geelong,oddsmakers,2.5,41.0,1,1,0,1
2010,27,St Kilda,Western Bulldogs,oddsmakers,29.5,24.0,1,1,0,1
2010,28,Collingwood,St Kilda,oddsmakers,16.5,0.0,1,0,1,1
2010,28,Collingwood,St Kilda,oddsmakers,9.5,56.0,1,1,0,1
2011,1,Carlton,Richmond,oddsmakers,19.5,20.0,1,1,0,1
2011,1,Geelong,St Kilda,oddsmakers,-6.5,1.0,0,1,0,0
2011,1,Adelaide,Hawthorn,oddsmakers,-0.0,20.0,0,1,0,0
2011,1,Collingwood,Port Adelaide,oddsmakers,46.5,75.0,1,1,0,1
2011,1,Brisbane,Fremantle,oddsmakers,-0.0,-2.0,0,0,0,1
2011,1,West Coast,North Melbourne,oddsmakers,7.5,4.0,1,1,0,1
2011,1,Essendon,Western Bulldogs,oddsmakers,-9.5,55.0,0,1,0,0
2011,1,Melbourne,Sydney,oddsmakers,3.5,0.0,1,0,1,1
2011,2,St Kilda,Richmond,oddsmakers,25.5,0.0,1,0,1,1
2011,2,Port Adelaide,West Coast,oddsmakers,15.5,-18.0,1,0,0,0
2011,2,Fremantle,Geelong,oddsmakers,6.5,-11.0,1,0,0,0
2011,2,North Melbourne,Collingwood,oddsmakers,-38.5,-87.0,0,0,0,1
2011,2,Gold Coast,Carlton,oddsmakers,-27.5,-119.0,0,0,0,1
2011,2,Sydney,Essendon,oddsmakers,3.5,5.0,1,1,0,1
2011,2,Western Bulldogs,Brisbane,oddsmakers,38.5,78.0,1,1,0,1
2011,2,Hawthorn,Melbourne,oddsmakers,16.5,45.0,1,1,0,1
2011,3,Collingwood,Carlton,oddsmakers,25.5,28.0,1,1,0,1
2011,3,Adelaide,Fremantle,oddsmakers,13.5,-25.0,1,0,0,0
2011,3,West Coast,Sydney,oddsmakers,-0.0,-13.0,0,0,0,1
2011,3,Western Bulldogs,Gold Coast,oddsmakers,70.5,71.0,1,1,0,1
2011,3,Richmond,Hawthorn,oddsmakers,-23.5,-63.0,0,0,0,1
2011,3,St Kilda,Essendon,oddsmakers,2.5,-52.0,1,0,0,0
2011,3,Geelong,Port Adelaide,oddsmakers,45.5,79.0,1,1,0,1
2011,3,Melbourne,Brisbane,oddsmakers,31.5,11.0,1,1,0,1
2011,4,Richmond,Collingwood,oddsmakers,-47.5,-71.0,0,0,0,1
2011,4,Port Adelaide,Adelaide,oddsmakers,-15.5,32.0,0,1,0,0
2011,4,Carlton,Essendon,oddsmakers,-0.0,0.0,1,0,1,1
2011,4,Sydney,Geelong,oddsmakers,-3.5,-27.0,0,0,0,1
2011,4,Hawthorn,West Coast,oddsmakers,39.5,7.0,1,1,0,1
2011,4,Fremantle,North Melbourne,oddsmakers,32.5,29.0,1,1,0,1
2011,4,Gold Coast,Melbourne,oddsmakers,-45.5,-90.0,0,0,0,1
2011,5,Brisbane,St Kilda,oddsmakers,-22.5,-13.0,0,0,0,1
2011,5,Port Adelaide,Gold Coast,oddsmakers,64.5,-3.0,1,0,0,0
2011,5,Carlton,Adelaide,oddsmakers,25.5,6.0,1,1,0,1
2011,5,North Melbourne,Richmond,oddsmakers,1.5,-9.0,1,0,0,0
2011,5,Fremantle,Western Bulldogs,oddsmakers,8.5,7.0,1,1,0,1
2011,5,Essendon,Collingwood,oddsmakers,-27.5,-30.0,0,0,0,1
2011,5,Hawthorn,Geelong,oddsmakers,-3.5,-19.0,0,0,0,1
2011,6,West Coast,Melbourne,oddsmakers,11.5,54.0,1,1,0,1
2011,6,Sydney,Carlton,oddsmakers,4.5,-16.0,1,0,0,0
2011,6,Adelaide,St Kilda,oddsmakers,4.5,19.0,1,1,0,1
2011,6,North Melbourne,Port Adelaide,oddsmakers,16.5,60.0,1,1,0,1
2011,6,Richmond,Brisbane,oddsmakers,17.5,26.0,1,1,0,1
2011,6,Essendon,Gold Coast,oddsmakers,66.5,139.0,1,1,0,1
2011,6,Collingwood,Western Bulldogs,oddsmakers,36.5,48.0,1,1,0,1
2011,7,Port Adelaide,Hawthorn,oddsmakers,-24.5,-32.0,0,0,0,1
2011,7,Geelong,North Melbourne,oddsmakers,46.5,66.0,1,1,0,1
2011,7,Gold Coast,Brisbane,oddsmakers,-47.5,8.0,0,1,0,0
2011,7,Richmond,Fremantle,oddsmakers,-6.5,49.0,0,1,0,0
2011,7,Western Bulldogs,Sydney,oddsmakers,5.5,-8.0,1,0,0,0
2011,7,Essendon,West Coast,oddsmakers,30.5,16.0,1,1,0,1
2011,7,Melbourne,Adelaide,oddsmakers,2.5,96.0,1,1,0,1
2011,7,St Kilda,Carlton,oddsmakers,-15.5,-3.0,0,0,0,1
2011,8,Geelong,Collingwood,oddsmakers,-13.5,3.0,0,1,0,0
2011,8,Adelaide,Gold Coast,oddsmakers,38.5,57.0,1,1,0,1
2011,8,North Melbourne,Melbourne,oddsmakers,1.5,41.0,1,1,0,1
2011,8,Brisbane,Essendon,oddsmakers,-28.5,-36.0,0,0,0,1
2011,8,Sydney,Port Adelaide,oddsmakers,37.5,62.0,1,1,0,1
2011,8,West Coast,Fremantle,oddsmakers,-1.5,33.0,0,1,0,0
2011,8,Western Bulldogs,Richmond,oddsmakers,7.5,35.0,1,1,0,1
2011,8,Hawthorn,St Kilda,oddsmakers,16.5,30.0,1,1,0,1
2011,9,Carlton,Geelong,oddsmakers,-15.5,-2.0,0,0,0,1
2011,9,Port Adelaide,Fremantle,oddsmakers,-10.5,-52.0,0,0,0,1
2011,9,St Kilda,Melbourne,oddsmakers,16.5,20.0,1,1,0,1
2011,9,Brisbane,North Melbourne,oddsmakers,-0.0,14.0,0,1,0,0
2011,9,Richmond,Essendon,oddsmakers,-15.5,16.0,0,1,0,0
2011,9,West Coast,Western Bulldogs,oddsmakers,5.5,123.0,1,1,0,1
2011,9,Collingwood,Adelaide,oddsmakers,51.5,43.0,1,1,0,1
2011,9,Sydney,Hawthorn,oddsmakers,3.5,-46.0,1,0,0,0
2011,10,Melbourne,Carlton,oddsmakers,-31.5,-47.0,0,0,0,1
2011,10,Fremantle,St Kilda,oddsmakers,9.5,-46.0,1,0,0,0
2011,10,North Melbourne,Sydney,oddsmakers,-3.5,-1.0,0,0,0,1
2011,10,Gold Coast,Geelong,oddsmakers,-63.5,-66.0,0,0,0,1
2011,10,Richmond,Port Adelaide,oddsmakers,28.5,-15.0,1,0,0,0
2011,10,Adelaide,Brisbane,oddsmakers,24.5,-40.0,1,0,0,0
2011,10,Western Bulldogs,Hawthorn,oddsmakers,-22.5,-29.0,0,0,0,1
2011,10,Collingwood,West Coast,oddsmakers,29.5,52.0,1,1,0,1
2011,11,Essendon,Melbourne,oddsmakers,27.5,-33.0,1,0,0,0
2011,11,West Coast,Gold Coast,oddsmakers,66.5,18.0,1,1,0,1
2011,11,Geelong,Western Bulldogs,oddsmakers,40.5,61.0,1,1,0,1
2011,11,Brisbane,Sydney,oddsmakers,3.5,-65.0,1,0,0,0
2011,11,Collingwood,St Kilda,oddsmakers,32.5,57.0,1,1,0,1
2011,11,Port Adelaide,Carlton,oddsmakers,-27.5,-62.0,0,0,0,1
2011,11,North Melbourne,Adelaide,oddsmakers,8.5,47.0,1,1,0,1
2011,11,Hawthorn,Fremantle,oddsmakers,32.5,22.0,1,1,0,1
2011,12,St Kilda,Western Bulldogs,oddsmakers,11.5,24.0,1,1,0,1
2011,12,Adelaide,West Coast,oddsmakers,-7.5,-39.0,0,0,0,1
2011,12,Geelong,Hawthorn,oddsmakers,14.5,5.0,1,1,0,1
2011,12,Gold Coast,North Melbourne,oddsmakers,-21.5,-59.0,0,0,0,1
2011,12,Fremantle,Essendon,oddsmakers,3.5,34.0,1,1,0,1
2011,12,Carlton,Brisbane,oddsmakers,48.5,61.0,1,1,0,1
2011,12,Sydney,Richmond,oddsmakers,22.5,10.0,1,1,0,1
2011,12,Melbourne,Collingwood,oddsmakers,-29.5,-88.0,0,0,0,1
2011,13,Western Bulldogs,Adelaide,oddsmakers,27.5,30.0,1,1,0,1
2011,13,Essendon,North Melbourne,oddsmakers,8.5,-21.0,1,0,0,0
2011,13,Brisbane,Richmond,oddsmakers,-5.5,-31.0,0,0,0,1
2011,13,St Kilda,Geelong,oddsmakers,-21.5,-28.0,0,0,0,1
2011,13,Hawthorn,Gold Coast,oddsmakers,67.5,71.0,1,1,0,1
2011,13,West Coast,Port Adelaide,oddsmakers,48.5,22.0,1,1,0,1
2011,13,Carlton,Sydney,oddsmakers,23.5,34.0,1,1,0,1
2011,13,Melbourne,Fremantle,oddsmakers,3.5,89.0,1,1,0,1
2011,14,Hawthorn,Essendon,oddsmakers,10.5,65.0,1,1,0,1
2011,14,Sydney,Collingwood,oddsmakers,-34.5,-6.0,0,0,0,1
2011,14,Fremantle,Brisbane,oddsmakers,33.5,23.0,1,1,0,1
2011,14,Richmond,Melbourne,oddsmakers,-0.0,-27.0,0,0,0,1
2011,14,Gold Coast,Western Bulldogs,oddsmakers,-35.5,-22.0,0,0,0,1
2011,14,Port Adelaide,North Melbourne,oddsmakers,-13.5,-45.0,0,0,0,1
2011,14,Carlton,West Coast,oddsmakers,27.5,-36.0,1,0,0,0
2011,14,Geelong,Adelaide,oddsmakers,47.5,52.0,1,1,0,1
2011,15,Western Bulldogs,Melbourne,oddsmakers,-3.5,64.0,0,1,0,0
2011,15,Adelaide,Sydney,oddsmakers,-15.5,7.0,0,1,0,0
2011,15,Fremantle,Gold Coast,oddsmakers,39.5,50.0,1,1,0,1
2011,15,Essendon,Geelong,oddsmakers,-43.5,4.0,0,1,0,0
2011,15,Richmond,Carlton,oddsmakers,-24.5,-103.0,0,0,0,1
2011,15,North Melbourne,St Kilda,oddsmakers,-2.5,-9.0,0,0,0,1
2011,15,Brisbane,Port Adelaide,oddsmakers,17.5,11.0,1,1,0,1
2011,15,Collingwood,Hawthorn,oddsmakers,22.5,41.0,1,1,0,1
2011,16,West Coast,Geelong,oddsmakers,-8.5,8.0,0,1,0,0
2011,16,Essendon,Richmond,oddsmakers,11.5,39.0,1,1,0,1
2011,16,Gold Coast,Sydney,oddsmakers,-36.5,-70.0,0,0,0,1
2011,16,Hawthorn,Brisbane,oddsmakers,39.5,42.0,1,1,0,1
2011,16,Port Adelaide,St Kilda,oddsmakers,-22.5,-56.0,0,0,0,1
2011,16,Western Bulldogs,Carlton,oddsmakers,-22.5,27.0,0,1,0,0
2011,16,Collingwood,North Melbourne,oddsmakers,44.5,117.0,1,1,0,1
2011,17,Adelaide,Essendon,oddsmakers,-4.5,-11.0,0,0,0,1
2011,17,Richmond,Gold Coast,oddsmakers,37.5,-15.0,1,0,0,0
2011,17,St Kilda,West Coast,oddsmakers,5.5,21.0,1,1,0,1
2011,17,Carlton,Collingwood,oddsmakers,-35.5,-19.0,0,0,0,1
2011,17,Melbourne,Port Adelaide,oddsmakers,27.5,21.0,1,1,0,1
2011,17,North Melbourne,Western Bulldogs,oddsmakers,-17.5,31.0,0,1,0,0
2011,17,Brisbane,Geelong,oddsmakers,-41.5,-29.0,0,0,0,1
2011,17,Sydney,Fremantle,oddsmakers,24.5,-11.0,1,0,0,0
2011,18,St Kilda,Adelaide,oddsmakers,38.5,103.0,1,1,0,1
2011,18,North Melbourne,Brisbane,oddsmakers,40.5,45.0,1,1,0,1
2011,18,Essendon,Carlton,oddsmakers,-16.5,-74.0,0,0,0,1
2011,18,Gold Coast,Collingwood,oddsmakers,-77.5,-54.0,0,0,0,1
2011,18,Sydney,Western Bulldogs,oddsmakers,11.5,39.0,1,1,0,1
2011,18,Fremantle,West Coast,oddsmakers,-14.5,-1.0,0,0,0,1
2011,18,Geelong,Richmond,oddsmakers,46.5,62.0,1,1,0,1
2011,18,Melbourne,Hawthorn,oddsmakers,-27.5,-54.0,0,0,0,1
2011,19,North Melbourne,Carlton,oddsmakers,-22.5,-18.0,0,0,0,1
2011,19,Fremantle,Hawthorn,oddsmakers,-12.5,-51.0,0,0,0,1
2011,19,Western Bulldogs,West Coast,oddsmakers,-8.5,-8.0,0,0,0,1
2011,19,Geelong,Melbourne,oddsmakers,45.5,186.0,1,1,0,1
2011,19,Gold Coast,St Kilda,oddsmakers,-41.5,-20.0,0,0,0,1
2011,19,Adelaide,Port Adelaide,oddsmakers,7.5,32.0,1,1,0,1
2011,19,Collingwood,Essendon,oddsmakers,46.5,74.0,1,1,0,1
2011,20,St Kilda,Fremantle,oddsmakers,36.5,41.0,1,1,0,1
2011,20,Port Adelaide,Collingwood,oddsmakers,-70.5,-138.0,0,0,0,1
2011,20,Essendon,Sydney,oddsmakers,-0.0,1.0,1,1,0,1
2011,20,Geelong,Gold Coast,oddsmakers,89.5,150.0,1,1,0,1
2011,20,Carlton,Melbourne,oddsmakers,41.5,76.0,1,1,0,1
2011,20,West Coast,Richmond,oddsmakers,42.5,57.0,1,1,0,1
2011,20,Brisbane,Adelaide,oddsmakers,6.5,-5.0,1,0,0,0
2011,20,Hawthorn,North Melbourne,oddsmakers,30.5,17.0,1,1,0,1
2011,21,St Kilda,Collingwood,oddsmakers,-37.5,-19.0,0,0,0,1
2011,21,Fremantle,Carlton,oddsmakers,-17.5,-30.0,0,0,0,1
2011,21,Western Bulldogs,Essendon,oddsmakers,-7.5,-49.0,0,0,0,1
2011,21,Brisbane,Gold Coast,oddsmakers,18.5,62.0,1,1,0,1
2011,21,Hawthorn,Port Adelaide,oddsmakers,78.5,165.0,1,1,0,1
2011,21,Adelaide,Geelong,oddsmakers,-50.5,-11.0,0,0,0,1
2011,21,Melbourne,West Coast,oddsmakers,-26.5,-48.0,0,0,0,1
2011,21,Richmond,Sydney,oddsmakers,-20.5,43.0,0,1,0,0
2011,22,Carlton,Hawthorn,oddsmakers,-7.5,-12.0,0,0,0,1
2011,22,West Coast,Essendon,oddsmakers,26.5,57.0,1,1,0,1
2011,22,North Melbourne,Fremantle,oddsmakers,19.5,98.0,1,1,0,1
2011,22,Collingwood,Brisbane,oddsmakers,81.5,18.0,1,1,0,1
2011,22,Gold Coast,Adelaide,oddsmakers,-34.5,-61.0,0,0,0,1
2011,22,Port Adelaide,Western Bulldogs,oddsmakers,-32.5,-60.0,0,0,0,1
2011,22,Sydney,St Kilda,oddsmakers,-8.5,15.0,0,1,0,0
2011,22,Melbourne,Richmond,oddsmakers,-4.5,-7.0,0,0,0,1
2011,23,Fremantle,Collingwood,oddsmakers,-71.5,-80.0,0,0,0,1
2011,23,St Kilda,North Melbourne,oddsmakers,4.5,65.0,1,1,0,1
2011,23,Geelong,Sydney,oddsmakers,46.5,-13.0,1,0,0,0
2011,23,Brisbane,West Coast,oddsmakers,-20.5,-8.0,0,0,0,1
2011,23,Hawthorn,Western Bulldogs,oddsmakers,42.5,46.0,1,1,0,1
2011,23,Adelaide,Richmond,oddsmakers,18.5,-22.0,1,0,0,0
2011,23,Essendon,Port Adelaide,oddsmakers,70.5,7.0,1,1,0,1
2011,23,Melbourne,Gold Coast,oddsmakers,45.5,30.0,1,1,0,1
2011,24,Collingwood,Geelong,oddsmakers,20.5,-96.0,1,0,0,0
2011,24,West Coast,Adelaide,oddsmakers,35.5,95.0,1,1,0,1
2011,24,Western Bulldogs,Fremantle,oddsmakers,46.5,46.0,1,1,0,1
2011,24,Carlton,St Kilda,oddsmakers,5.5,-20.0,1,0,0,0
2011,24,Gold Coast,Hawthorn,oddsmakers,-32.5,-9.0,0,0,0,1
2011,24,Sydney,Brisbane,oddsmakers,35.5,52.0,1,1,0,1
2011,24,Port Adelaide,Melbourne,oddsmakers,-6.5,8.0,0,1,0,0
2011,24,Richmond,North Melbourne,oddsmakers,-8.5,-13.0,0,0,0,1
2011,25,Geelong,Hawthorn,oddsmakers,6.5,31.0,1,1,0,1
2011,25,St Kilda,Sydney,oddsmakers,17.5,-25.0,1,0,0,0
2011,25,Collingwood,West Coast,oddsmakers,30.5,20.0,1,1,0,1
2011,25,Carlton,Essendon,oddsmakers,18.5,62.0,1,1,0,1
2011,26,Hawthorn,Sydney,oddsmakers,14.5,36.0,1,1,0,1
2011,26,West Coast,Carlton,oddsmakers,16.5,3.0,1,1,0,1
2011,27,Collingwood,Hawthorn,oddsmakers,23.5,3.0,1,1,0,1
2011,27,Geelong,West Coast,oddsmakers,28.5,48.0,1,1,0,1
2011,28,Collingwood,Geelong,oddsmakers,-2.5,-38.0,0,0,0,1
2012,1,GWS,Sydney,oddsmakers,-88.5,-63.0,0,0,0,1
2012,1,Richmond,Carlton,oddsmakers,-13.5,-44.0,0,0,0,1
2012,1,Hawthorn,Collingwood,oddsmakers,7.5,22.0,1,1,0,1
2012,1,Fremantle,Geelong,oddsmakers,-6.5,4.0,0,1,0,0
2012,1,North Melbourne,Essendon,oddsmakers,-3.5,-2.0,0,0,0,1
2012,1,Melbourne,Brisbane,oddsmakers,15.5,-41.0,1,0,0,0
2012,1,Gold Coast,Adelaide,oddsmakers,-27.5,-69.0,0,0,0,1
2012,1,Port Adelaide,St Kilda,oddsmakers,-17.5,4.0,0,1,0,0
2012,1,Western Bulldogs,West Coast,oddsmakers,-8.5,-49.0,0,0,0,1
2012,2,Brisbane,Carlton,oddsmakers,-20.5,-91.0,0,0,0,1
2012,2,Adelaide,Western Bulldogs,oddsmakers,28.5,18.0,1,1,0,1
2012,2,West Coast,Melbourne,oddsmakers,53.5,108.0,1,1,0,1
2012,2,Essendon,Port Adelaide,oddsmakers,25.5,25.0,1,1,0,1
2012,2,Collingwood,Richmond,oddsmakers,34.5,21.0,1,1,0,1
2012,2,Sydney,Fremantle,oddsmakers,6.5,13.0,1,1,0,1
2012,2,North Melbourne,GWS,oddsmakers,76.5,129.0,1,1,0,1
2012,2,St Kilda,Gold Coast,oddsmakers,52.5,92.0,1,1,0,1
2012,2,Geelong,Hawthorn,oddsmakers,-12.5,2.0,0,1,0,0
2012,3,Carlton,Collingwood,oddsmakers,3.5,60.0,1,1,0,1
2012,3,Port Adelaide,Sydney,oddsmakers,-13.5,-22.0,0,0,0,1
2012,3,Fremantle,Brisbane,oddsmakers,44.5,29.0,1,1,0,1
2012,3,Western Bulldogs,St Kilda,oddsmakers,-12.5,-63.0,0,0,0,1
2012,3,Richmond,Melbourne,oddsmakers,30.5,59.0,1,1,0,1
2012,3,Gold Coast,Essendon,oddsmakers,-53.5,-17.0,0,0,0,1
2012,3,GWS,West Coast,oddsmakers,-97.5,-81.0,0,0,0,1
2012,3,North Melbourne,Geelong,oddsmakers,-27.5,17.0,0,1,0,0
2012,3,Hawthorn,Adelaide,oddsmakers,29.5,56.0,1,1,0,1
2012,4,St Kilda,Fremantle,oddsmakers,16.5,-13.0,1,0,0,0
2012,4,Adelaide,GWS,oddsmakers,90.5,46.0,1,1,0,1
2012,4,West Coast,Hawthorn,oddsmakers,6.5,5.0,1,1,0,1
2012,4,Collingwood,Port Adelaide,oddsmakers,28.5,24.0,1,1,0,1
2012,4,Brisbane,Gold Coast,oddsmakers,20.5,65.0,1,1,0,1
2012,4,Carlton,Essendon,oddsmakers,40.5,-30.0,1,0,0,0
2012,4,Geelong,Richmond,oddsmakers,32.5,10.0,1,1,0,1
2012,4,Melbourne,Western Bulldogs,oddsmakers,-19.5,-21.0,0,0,0,1
2012,4,Sydney,North Melbourne,oddsmakers,-1.5,36.0,0,1,0,0
2012,5,Collingwood,Essendon,oddsmakers,3.5,1.0,1,1,0,1
2012,5,Fremantle,Carlton,oddsmakers,-7.5,-8.0,0,0,0,1
2012,5,North Melbourne,Gold Coast,oddsmakers,84.5,34.0,1,1,0,1
2012,5,Brisbane,Geelong,oddsmakers,-19.5,-38.0,0,0,0,1
2012,5,Melbourne,St Kilda,oddsmakers,-40.5,-18.0,0,0,0,1
2012,5,GWS,Western Bulldogs,oddsmakers,-62.5,-42.0,0,0,0,1
2012,5,Adelaide,Port Adelaide,oddsmakers,10.5,19.0,1,1,0,1
2012,5,Richmond,West Coast,oddsmakers,-18.5,-10.0,0,0,0,1
2012,5,Hawthorn,Sydney,oddsmakers,19.5,-37.0,1,0,0,0
2012,6,Western Bulldogs,Collingwood,oddsmakers,-38.5,-21.0,0,0,0,1
2012,6,Essendon,Brisbane,oddsmakers,35.5,67.0,1,1,0,1
2012,6,Geelong,Melbourne,oddsmakers,54.5,43.0,1,1,0,1
2012,6,St Kilda,Hawthorn,oddsmakers,-22.5,-35.0,0,0,0,1
2012,6,Gold Coast,Fremantle,oddsmakers,-36.5,-7.0,0,0,0,1
2012,6,Sydney,Adelaide,oddsmakers,24.5,-5.0,1,0,0,0
2012,6,Port Adelaide,Richmond,oddsmakers,-4.5,-37.0,0,0,0,1
2012,6,West Coast,North Melbourne,oddsmakers,23.5,25.0,1,1,0,1
2012,6,Carlton,GWS,oddsmakers,85.5,67.0,1,1,0,1
2012,7,Melbourne,Hawthorn,oddsmakers,-51.5,-66.0,0,0,0,1
2012,7,Adelaide,Geelong,oddsmakers,-7.5,50.0,0,1,0,0
2012,7,Essendon,West Coast,oddsmakers,10.5,61.0,1,1,0,1
2012,7,Brisbane,Collingwood,oddsmakers,-25.5,-58.0,0,0,0,1
2012,7,Richmond,Sydney,oddsmakers,2.5,29.0,1,1,0,1
2012,7,GWS,Gold Coast,oddsmakers,-24.5,27.0,0,1,0,0
2012,7,Fremantle,Port Adelaide,oddsmakers,32.5,40.0,1,1,0,1
2012,7,North Melbourne,Western Bulldogs,oddsmakers,18.5,-18.0,1,0,0,0
2012,7,St Kilda,Carlton,oddsmakers,-25.5,24.0,0,1,0,0
2012,8,Collingwood,Geelong,oddsmakers,5.5,12.0,1,1,0,1
2012,8,Port Adelaide,North Melbourne,oddsmakers,-13.5,2.0,0,1,0,0
2012,8,Essendon,Richmond,oddsmakers,14.5,19.0,1,1,0,1
2012,8,Sydney,Melbourne,oddsmakers,41.5,101.0,1,1,0,1
2012,8,Western Bulldogs,Gold Coast,oddsmakers,36.5,38.0,1,1,0,1
2012,8,Hawthorn,Fremantle,oddsmakers,29.5,56.0,1,1,0,1
2012,8,West Coast,St Kilda,oddsmakers,17.5,30.0,1,1,0,1
2012,8,Carlton,Adelaide,oddsmakers,14.5,-69.0,1,0,0,0
2012,8,Brisbane,GWS,oddsmakers,35.5,92.0,1,1,0,1
2012,9,Western Bulldogs,Geelong,oddsmakers,-29.5,-20.0,0,0,0,1
2012,9,Adelaide,Collingwood,oddsmakers,14.5,-26.0,1,0,0,0
2012,9,St Kilda,Sydney,oddsmakers,-2.5,28.0,0,1,0,0
2012,9,Richmond,Hawthorn,oddsmakers,-22.5,62.0,0,1,0,0
2012,9,Gold Coast,Port Adelaide,oddsmakers,-13.5,-48.0,0,0,0,1
2012,9,GWS,Essendon,oddsmakers,-68.5,-66.0,0,0,0,1
2012,9,West Coast,Fremantle,oddsmakers,18.5,48.0,1,1,0,1
2012,9,North Melbourne,Brisbane,oddsmakers,26.5,16.0,1,1,0,1
2012,9,Carlton,Melbourne,oddsmakers,49.5,58.0,1,1,0,1
2012,10,St Kilda,Richmond,oddsmakers,2.5,-8.0,1,0,0,0
2012,10,Port Adelaide,Carlton,oddsmakers,-17.5,54.0,0,1,0,0
2012,10,Fremantle,Adelaide,oddsmakers,-9.5,-29.0,0,0,0,1
2012,10,Geelong,GWS,oddsmakers,80.5,65.0,1,1,0,1
2012,10,Essendon,Melbourne,oddsmakers,55.5,-6.0,1,0,0,0
2012,10,Hawthorn,North Melbourne,oddsmakers,25.5,115.0,1,1,0,1
2012,10,Brisbane,West Coast,oddsmakers,-27.5,2.0,0,1,0,0
2012,10,Collingwood,Gold Coast,oddsmakers,69.5,97.0,1,1,0,1
2012,10,Sydney,Western Bulldogs,oddsmakers,21.5,92.0,1,1,0,1
2012,11,Carlton,Geelong,oddsmakers,-14.5,-12.0,0,0,0,1
2012,11,Essendon,Sydney,oddsmakers,12.5,-4.0,1,0,0,0
2012,11,Richmond,Fremantle,oddsmakers,31.5,-12.0,1,0,0,0
2012,11,Gold Coast,St Kilda,oddsmakers,-43.5,-95.0,0,0,0,1
2012,11,Port Adelaide,Hawthorn,oddsmakers,-26.5,-46.0,0,0,0,1
2012,11,Melbourne,Collingwood,oddsmakers,-46.5,-42.0,0,0,0,1
2012,12,West Coast,Carlton,oddsmakers,22.5,10.0,1,1,0,1
2012,12,Adelaide,St Kilda,oddsmakers,11.5,4.0,1,1,0,1
2012,12,Gold Coast,North Melbourne,oddsmakers,-36.5,-7.0,0,0,0,1
2012,12,GWS,Richmond,oddsmakers,-52.5,-12.0,0,0,0,1
2012,12,Western Bulldogs,Port Adelaide,oddsmakers,16.5,38.0,1,1,0,1
2012,12,Hawthorn,Brisbane,oddsmakers,50.5,65.0,1,1,0,1
2012,13,Sydney,Geelong,oddsmakers,8.5,6.0,1,1,0,1
2012,13,Fremantle,Essendon,oddsmakers,-9.5,-24.0,0,0,0,1
2012,13,Western Bulldogs,Brisbane,oddsmakers,18.5,-58.0,1,0,0,0
2012,13,Collingwood,West Coast,oddsmakers,16.5,3.0,1,1,0,1
2012,13,North Melbourne,Adelaide,oddsmakers,-19.5,32.0,0,1,0,0
2012,13,Melbourne,GWS,oddsmakers,26.5,78.0,1,1,0,1
2012,14,Carlton,Hawthorn,oddsmakers,-23.5,-50.0,0,0,0,1
2012,14,Adelaide,Richmond,oddsmakers,17.5,19.0,1,1,0,1
2012,14,Sydney,GWS,oddsmakers,69.5,94.0,1,1,0,1
2012,14,West Coast,Gold Coast,oddsmakers,71.5,126.0,1,1,0,1
2012,14,Essendon,Western Bulldogs,oddsmakers,29.5,84.0,1,1,0,1
2012,14,Collingwood,Fremantle,oddsmakers,38.5,29.0,1,1,0,1
2012,14,St Kilda,North Melbourne,oddsmakers,19.5,-33.0,1,0,0,0
2012,14,Geelong,Port Adelaide,oddsmakers,51.5,38.0,1,1,0,1
2012,14,Brisbane,Melbourne,oddsmakers,28.5,61.0,1,1,0,1
2012,15,Collingwood,Carlton,oddsmakers,28.5,-23.0,1,0,0,0
2012,15,Port Adelaide,Adelaide,oddsmakers,-26.5,-58.0,0,0,0,1
2012,15,North Melbourne,West Coast,oddsmakers,-14.5,-2.0,0,0,0,1
2012,15,St Kilda,Essendon,oddsmakers,-19.5,71.0,0,1,0,0
2012,15,Melbourne,Richmond,oddsmakers,-31.5,-23.0,0,0,0,1
2012,15,Sydney,Brisbane,oddsmakers,34.5,47.0,1,1,0,1
2012,15,Fremantle,Western Bulldogs,oddsmakers,32.5,38.0,1,1,0,1
2012,15,Hawthorn,GWS,oddsmakers,92.5,162.0,1,1,0,1
2012,15,Gold Coast,Geelong,oddsmakers,-55.5,-14.0,0,0,0,1
2012,16,North Melbourne,Carlton,oddsmakers,-4.5,53.0,0,1,0,0
2012,16,Port Adelaide,Essendon,oddsmakers,-13.5,-50.0,0,0,0,1
2012,16,Richmond,Gold Coast,oddsmakers,37.5,-2.0,1,0,0,0
2012,16,Melbourne,Fremantle,oddsmakers,-21.5,-34.0,0,0,0,1
2012,16,Brisbane,St Kilda,oddsmakers,-9.5,-13.0,0,0,0,1
2012,16,Geelong,Collingwood,oddsmakers,-12.5,-31.0,0,0,0,1
2012,16,West Coast,Sydney,oddsmakers,5.5,-52.0,1,0,0,0
2012,16,Western Bulldogs,Hawthorn,oddsmakers,-49.5,-72.0,0,0,0,1
2012,16,GWS,Adelaide,oddsmakers,-70.5,-119.0,0,0,0,1
2012,17,Geelong,Essendon,oddsmakers,-3.5,67.0,0,1,0,0
2012,17,Adelaide,West Coast,oddsmakers,16.5,49.0,1,1,0,1
2012,17,Western Bulldogs,Carlton,oddsmakers,-9.5,-18.0,0,0,0,1
2012,17,Gold Coast,Brisbane,oddsmakers,-26.5,-11.0,0,0,0,1
2012,17,Collingwood,Hawthorn,oddsmakers,2.5,-47.0,1,0,0,0
2012,17,Melbourne,Port Adelaide,oddsmakers,-7.5,-28.0,0,0,0,1
2012,17,Fremantle,GWS,oddsmakers,94.5,95.0,1,1,0,1
2012,17,Richmond,North Melbourne,oddsmakers,-3.5,-4.0,0,0,0,1
2012,17,Sydney,St Kilda,oddsmakers,18.5,29.0,1,1,0,1
2012,18,Essendon,Hawthorn,oddsmakers,-36.5,-94.0,0,0,0,1
2012,18,North Melbourne,Melbourne,oddsmakers,44.5,54.0,1,1,0,1
2012,18,Geelong,Adelaide,oddsmakers,8.5,27.0,1,1,0,1
2012,18,Carlton,Richmond,oddsmakers,-12.5,4.0,0,1,0,0
2012,18,Gold Coast,Sydney,oddsmakers,-50.5,-72.0,0,0,0,1
2012,18,GWS,Collingwood,oddsmakers,-85.5,-120.0,0,0,0,1
2012,18,Port Adelaide,Fremantle,oddsmakers,-12.5,-27.0,0,0,0,1
2012,18,West Coast,Brisbane,oddsmakers,37.5,98.0,1,1,0,1
2012,18,St Kilda,Western Bulldogs,oddsmakers,36.5,76.0,1,1,0,1
2012,19,Hawthorn,Geelong,oddsmakers,26.5,-2.0,1,0,0,0
2012,19,Fremantle,West Coast,oddsmakers,-15.5,65.0,0,1,0,0
2012,19,Western Bulldogs,North Melbourne,oddsmakers,-50.5,-54.0,0,0,0,1
2012,19,Brisbane,Richmond,oddsmakers,-7.5,-48.0,0,0,0,1
2012,19,Collingwood,St Kilda,oddsmakers,17.5,6.0,1,1,0,1
2012,19,GWS,Port Adelaide,oddsmakers,-45.5,34.0,0,1,0,0
2012,19,Adelaide,Essendon,oddsmakers,38.5,4.0,1,1,0,1
2012,19,Carlton,Sydney,oddsmakers,-16.5,-22.0,0,0,0,1
2012,19,Melbourne,Gold Coast,oddsmakers,21.5,42.0,1,1,0,1
2012,20,West Coast,Geelong,oddsmakers,6.5,5.0,1,1,0,1
2012,20,Adelaide,Fremantle,oddsmakers,18.5,28.0,1,1,0,1
2012,20,Sydney,Collingwood,oddsmakers,10.5,-8.0,1,0,0,0
2012,20,Carlton,Brisbane,oddsmakers,32.5,36.0,1,1,0,1
2012,20,St Kilda,Melbourne,oddsmakers,50.5,25.0,1,1,0,1
2012,20,Gold Coast,GWS,oddsmakers,20.5,30.0,1,1,0,1
2012,20,Essendon,North Melbourne,oddsmakers,-6.5,-24.0,0,0,0,1
2012,20,Richmond,Western Bulldogs,oddsmakers,39.5,70.0,1,1,0,1
2012,20,Hawthorn,Port Adelaide,oddsmakers,75.5,72.0,1,1,0,1
2012,21,Geelong,St Kilda,oddsmakers,18.5,42.0,1,1,0,1
2012,21,Fremantle,Richmond,oddsmakers,16.5,22.0,1,1,0,1
2012,21,Collingwood,North Melbourne,oddsmakers,21.5,-30.0,1,0,0,0
2012,21,Brisbane,Adelaide,oddsmakers,-29.5,10.0,0,1,0,0
2012,21,Essendon,Carlton,oddsmakers,-3.5,-96.0,0,0,0,1
2012,21,GWS,Melbourne,oddsmakers,-34.5,-25.0,0,0,0,1
2012,21,Port Adelaide,West Coast,oddsmakers,-37.5,-48.0,0,0,0,1
2012,21,Western Bulldogs,Sydney,oddsmakers,-47.5,-82.0,0,0,0,1
2012,21,Hawthorn,Gold Coast,oddsmakers,100.5,64.0,1,1,0,1
2012,22,Richmond,Essendon,oddsmakers,9.5,45.0,1,1,0,1
2012,22,Port Adelaide,Brisbane,oddsmakers,-8.5,-11.0,0,0,0,1
2012,22,West Coast,Collingwood,oddsmakers,5.5,49.0,1,1,0,1
2012,22,St Kilda,GWS,oddsmakers,80.5,128.0,1,1,0,1
2012,22,Gold Coast,Carlton,oddsmakers,-68.5,12.0,0,1,0,0
2012,22,Sydney,Hawthorn,oddsmakers,-2.5,-7.0,0,0,0,1
2012,22,North Melbourne,Fremantle,oddsmakers,25.5,-53.0,1,0,0,0
2012,22,Geelong,Western Bulldogs,oddsmakers,70.5,34.0,1,1,0,1
2012,22,Melbourne,Adelaide,oddsmakers,-38.5,-69.0,0,0,0,1
2012,23,Hawthorn,West Coast,oddsmakers,27.5,25.0,1,1,0,1
2012,23,Adelaide,Gold Coast,oddsmakers,66.5,91.0,1,1,0,1
2012,23,Fremantle,Melbourne,oddsmakers,50.5,61.0,1,1,0,1
2012,23,Geelong,Sydney,oddsmakers,8.5,34.0,1,1,0,1
2012,23,Essendon,Collingwood,oddsmakers,-38.5,-32.0,0,0,0,1
2012,23,GWS,North Melbourne,oddsmakers,-82.5,-28.0,0,0,0,1
2012,23,Carlton,St Kilda,oddsmakers,5.5,-15.0,1,0,0,0
2012,23,Brisbane,Western Bulldogs,oddsmakers,34.5,67.0,1,1,0,1
2012,23,Richmond,Port Adelaide,oddsmakers,46.5,0.0,1,0,1,1
2012,25,Hawthorn,Collingwood,oddsmakers,22.5,38.0,1,1,0,1
2012,25,Adelaide,Sydney,oddsmakers,9.5,-29.0,1,0,0,0
2012,25,Geelong,Fremantle,oddsmakers,22.5,-16.0,1,0,0,0
2012,25,West Coast,North Melbourne,oddsmakers,29.5,96.0,1,1,0,1
2012,26,Adelaide,Fremantle,oddsmakers,9.5,10.0,1,1,0,1
2012,26,Collingwood,West Coast,oddsmakers,2.5,13.0,0,1,0,0
2012,27,Sydney,Collingwood,oddsmakers,10.5,26.0,1,1,0,1
2012,27,Hawthorn,Adelaide,oddsmakers,37.5,5.0,1,1,0,1
2012,28,Hawthorn,Sydney,oddsmakers,11.5,-10.0,1,0,0,0
2013,1,Adelaide,Essendon,oddsmakers,13.5,-35.0,1,0,0,0
2013,1,Fremantle,West Coast,oddsmakers,3.5,28.0,1,1,0,1
2013,1,Carlton,Richmond,oddsmakers,3.5,-5.0,0,0,0,1
2013,1,GWS,Sydney,oddsmakers,-54.5,-30.0,0,0,0,1
2013,1,Western Bulldogs,Brisbane,oddsmakers,-26.5,68.0,0,1,0,0
2013,1,Gold Coast,St Kilda,oddsmakers,-20.5,13.0,0,1,0,0
2013,1,North Melbourne,Collingwood,oddsmakers,-7.5,-16.0,0,0,0,1
2013,1,Melbourne,Port Adelaide,oddsmakers,2.5,-79.0,1,0,0,0
2013,1,Hawthorn,Geelong,oddsmakers,7.5,-7.0,1,0,0,0
2013,2,St Kilda,Richmond,oddsmakers,-18.5,-17.0,0,0,0,1
2013,2,Port Adelaide,GWS,oddsmakers,37.5,56.0,1,1,0,1
2013,2,Western Bulldogs,Fremantle,oddsmakers,-20.5,-28.0,0,0,0,1
2013,2,Brisbane,Adelaide,oddsmakers,-3.5,-19.0,0,0,0,1
2013,2,Essendon,Melbourne,oddsmakers,43.5,148.0,1,1,0,1
2013,2,Sydney,Gold Coast,oddsmakers,42.5,41.0,1,1,0,1
2013,2,West Coast,Hawthorn,oddsmakers,-2.5,-50.0,0,0,0,1
2013,2,Geelong,North Melbourne,oddsmakers,15.5,4.0,1,1,0,1
2013,2,Collingwood,Carlton,oddsmakers,15.5,17.0,1,1,0,1
2013,3,Fremantle,Essendon,oddsmakers,15.5,-4.0,1,0,0,0
2013,3,North Melbourne,Sydney,oddsmakers,-5.5,-39.0,0,0,0,1
2013,3,Geelong,Carlton,oddsmakers,12.5,16.0,1,1,0,1
2013,3,Melbourne,West Coast,oddsmakers,-62.5,-94.0,0,0,0,1
2013,3,GWS,St Kilda,oddsmakers,-34.5,-72.0,0,0,0,1
2013,3,Gold Coast,Brisbane,oddsmakers,-13.5,-2.0,0,0,0,1
2013,3,Port Adelaide,Adelaide,oddsmakers,-15.5,9.0,0,1,0,0
2013,3,Richmond,Western Bulldogs,oddsmakers,27.5,67.0,1,1,0,1
2013,3,Collingwood,Hawthorn,oddsmakers,-9.5,-55.0,0,0,0,1
2013,4,Sydney,Geelong,oddsmakers,8.5,-21.0,1,0,0,0
2013,4,West Coast,Carlton,oddsmakers,17.5,-24.0,1,0,0,0
2013,4,St Kilda,Essendon,oddsmakers,-12.5,-37.0,0,0,0,1
2013,4,Richmond,Collingwood,oddsmakers,1.5,-34.0,1,0,0,0
2013,4,Gold Coast,Port Adelaide,oddsmakers,-17.5,-38.0,0,0,0,1
2013,4,Hawthorn,Fremantle,oddsmakers,34.5,42.0,1,1,0,1
2013,4,Adelaide,Western Bulldogs,oddsmakers,40.5,52.0,1,1,0,1
2013,4,North Melbourne,Brisbane,oddsmakers,23.5,63.0,1,1,0,1
2013,4,Melbourne,GWS,oddsmakers,14.5,41.0,1,1,0,1
2013,5,Essendon,Collingwood,oddsmakers,-7.5,46.0,0,1,0,0
2013,5,St Kilda,Sydney,oddsmakers,-28.5,-16.0,0,0,0,1
2013,5,Fremantle,Richmond,oddsmakers,17.5,1.0,1,1,0,1
2013,5,Port Adelaide,West Coast,oddsmakers,-2.5,5.0,0,1,0,0
2013,5,Western Bulldogs,Geelong,oddsmakers,-65.5,-21.0,0,0,0,1
2013,5,Carlton,Adelaide,oddsmakers,15.5,32.0,1,1,0,1
2013,5,GWS,Gold Coast,oddsmakers,-19.5,-44.0,0,0,0,1
2013,5,Brisbane,Melbourne,oddsmakers,33.5,28.0,1,1,0,1
2013,5,Hawthorn,North Melbourne,oddsmakers,32.5,3.0,1,1,0,1
2013,6,Collingwood,St Kilda,oddsmakers,23.5,26.0,1,1,0,1
2013,6,Adelaide,Hawthorn,oddsmakers,-24.5,-11.0,0,0,0,1
2013,6,North Melbourne,Port Adelaide,oddsmakers,16.5,10.0,1,1,0,1
2013,6,Essendon,GWS,oddsmakers,92.5,39.0,1,1,0,1
2013,6,Richmond,Geelong,oddsmakers,-16.5,-44.0,0,0,0,1
2013,6,Gold Coast,Fremantle,oddsmakers,-13.5,-45.0,0,0,0,1
2013,6,West Coast,Western Bulldogs,oddsmakers,56.5,70.0,1,1,0,1
2013,6,Carlton,Melbourne,oddsmakers,66.5,61.0,1,1,0,1
2013,6,Sydney,Brisbane,oddsmakers,43.5,60.0,1,1,0,1
2013,7,Geelong,Essendon,oddsmakers,7.5,28.0,1,1,0,1
2013,7,Port Adelaide,Richmond,oddsmakers,10.5,-41.0,1,0,0,0
2013,7,Fremantle,Collingwood,oddsmakers,-9.5,27.0,0,1,0,0
2013,7,Western Bulldogs,North Melbourne,oddsmakers,-37.5,-54.0,0,0,0,1
2013,7,Brisbane,West Coast,oddsmakers,-23.5,-26.0,0,0,0,1
2013,7,Hawthorn,Sydney,oddsmakers,14.5,37.0,1,1,0,1
2013,7,Melbourne,Gold Coast,oddsmakers,-5.5,-60.0,0,0,0,1
2013,7,GWS,Adelaide,oddsmakers,-49.5,-135.0,0,0,0,1
2013,7,St Kilda,Carlton,oddsmakers,-24.5,9.0,0,1,0,0
2013,8,West Coast,North Melbourne,oddsmakers,18.5,2.0,1,1,0,1
2013,8,Essendon,Brisbane,oddsmakers,50.5,-10.0,1,0,0,0
2013,8,Collingwood,Geelong,oddsmakers,-20.5,6.0,0,1,0,0
2013,8,Gold Coast,Western Bulldogs,oddsmakers,9.5,32.0,1,1,0,1
2013,8,Sydney,Fremantle,oddsmakers,18.5,0.0,1,0,1,1
2013,8,Hawthorn,GWS,oddsmakers,102.5,83.0,1,1,0,1
2013,8,Adelaide,St Kilda,oddsmakers,21.5,40.0,1,1,0,1
2013,8,Carlton,Port Adelaide,oddsmakers,17.5,18.0,1,1,0,1
2013,8,Richmond,Melbourne,oddsmakers,71.5,34.0,1,1,0,1
2013,9,Collingwood,Sydney,oddsmakers,7.5,-47.0,1,0,0,0
2013,9,Port Adelaide,Geelong,oddsmakers,-26.5,-48.0,0,0,0,1
2013,9,St Kilda,Western Bulldogs,oddsmakers,31.5,-9.0,1,0,0,0
2013,9,Brisbane,Carlton,oddsmakers,-15.5,-13.0,0,0,0,1
2013,9,Richmond,Essendon,oddsmakers,-3.5,-29.0,0,0,0,1
2013,9,GWS,West Coast,oddsmakers,-67.5,-100.0,0,0,0,1
2013,9,Fremantle,Melbourne,oddsmakers,62.5,90.0,1,1,0,1
2013,9,North Melbourne,Adelaide,oddsmakers,14.5,-1.0,1,0,0,0
2013,9,Hawthorn,Gold Coast,oddsmakers,64.5,26.0,1,1,0,1
2013,10,Brisbane,Collingwood,oddsmakers,-28.5,-49.0,0,0,0,1
2013,10,Adelaide,Fremantle,oddsmakers,2.5,-7.0,1,0,0,0
2013,10,Carlton,GWS,oddsmakers,80.5,94.0,1,1,0,1
2013,10,Geelong,Gold Coast,oddsmakers,52.5,52.0,1,1,0,1
2013,10,Sydney,Essendon,oddsmakers,10.5,44.0,1,1,0,1
2013,10,Western Bulldogs,Port Adelaide,oddsmakers,-14.5,9.0,0,1,0,0
2013,10,North Melbourne,St Kilda,oddsmakers,29.5,68.0,1,1,0,1
2013,10,Melbourne,Hawthorn,oddsmakers,-88.5,-95.0,0,0,0,1
2013,10,West Coast,Richmond,oddsmakers,23.5,-41.0,1,0,0,0
2013,11,Essendon,Carlton,oddsmakers,2.5,5.0,1,1,0,1
2013,11,Adelaide,Sydney,oddsmakers,-9.5,-77.0,0,0,0,1
2013,11,Gold Coast,North Melbourne,oddsmakers,-19.5,15.0,0,1,0,0
2013,11,GWS,Geelong,oddsmakers,-83.5,-59.0,0,0,0,1
2013,11,St Kilda,West Coast,oddsmakers,-15.5,-4.0,0,0,0,1
2013,11,Melbourne,Collingwood,oddsmakers,-70.5,-83.0,0,0,0,1
2013,12,Carlton,Hawthorn,oddsmakers,-25.5,-15.0,0,0,0,1
2013,12,Fremantle,Brisbane,oddsmakers,46.5,40.0,1,1,0,1
2013,12,Essendon,Gold Coast,oddsmakers,36.5,43.0,1,1,0,1
2013,12,Richmond,Adelaide,oddsmakers,17.5,38.0,1,1,0,1
2013,12,Collingwood,Western Bulldogs,oddsmakers,35.5,34.0,1,1,0,1
2013,12,GWS,Port Adelaide,oddsmakers,-28.5,-75.0,0,0,0,1
2013,13,Hawthorn,West Coast,oddsmakers,30.5,20.0,1,1,0,1
2013,13,Port Adelaide,Sydney,oddsmakers,-37.5,18.0,0,1,0,0
2013,13,Western Bulldogs,Richmond,oddsmakers,-39.5,-60.0,0,0,0,1
2013,13,St Kilda,Melbourne,oddsmakers,38.5,35.0,1,1,0,1
2013,13,Fremantle,North Melbourne,oddsmakers,16.5,38.0,1,1,0,1
2013,13,Brisbane,Geelong,oddsmakers,-27.5,5.0,0,1,0,0
2013,14,West Coast,Essendon,oddsmakers,-6.5,-7.0,0,0,0,1
2013,14,Sydney,Carlton,oddsmakers,15.5,22.0,1,1,0,1
2013,14,Port Adelaide,Collingwood,oddsmakers,-14.5,35.0,0,1,0,0
2013,14,Geelong,Fremantle,oddsmakers,16.5,41.0,1,1,0,1
2013,14,Melbourne,Western Bulldogs,oddsmakers,-27.5,3.0,0,1,0,0
2013,14,Gold Coast,Adelaide,oddsmakers,-10.5,-28.0,0,0,0,1
2013,14,North Melbourne,GWS,oddsmakers,82.5,86.0,1,1,0,1
2013,14,Richmond,St Kilda,oddsmakers,33.5,64.0,1,1,0,1
2013,14,Hawthorn,Brisbane,oddsmakers,44.5,58.0,1,1,0,1
2013,15,Carlton,Collingwood,oddsmakers,9.5,-41.0,1,0,0,0
2013,15,Adelaide,West Coast,oddsmakers,9.5,-6.0,1,0,0,0
2013,15,North Melbourne,Richmond,oddsmakers,-13.5,62.0,0,1,0,0
2013,15,Brisbane,Gold Coast,oddsmakers,22.5,33.0,1,1,0,1
2013,15,Geelong,Hawthorn,oddsmakers,-7.5,10.0,0,1,0,0
2013,15,GWS,Western Bulldogs,oddsmakers,-33.5,-4.0,0,0,0,1
2013,15,Fremantle,St Kilda,oddsmakers,57.5,30.0,1,1,0,1
2013,15,Essendon,Port Adelaide,oddsmakers,21.5,30.0,1,1,0,1
2013,15,Melbourne,Sydney,oddsmakers,-59.5,-31.0,0,0,0,1
2013,16,Collingwood,Adelaide,oddsmakers,30.5,27.0,1,1,0,1
2013,16,Port Adelaide,Hawthorn,oddsmakers,-17.5,-45.0,0,0,0,1
2013,16,Richmond,Gold Coast,oddsmakers,26.5,9.0,1,1,0,1
2013,16,Carlton,St Kilda,oddsmakers,18.5,36.0,1,1,0,1
2013,16,Geelong,Melbourne,oddsmakers,63.5,68.0,1,1,0,1
2013,16,Brisbane,North Melbourne,oddsmakers,-15.5,12.0,0,1,0,0
2013,16,West Coast,Fremantle,oddsmakers,-15.5,-28.0,0,0,0,1
2013,16,Western Bulldogs,Essendon,oddsmakers,-41.5,-31.0,0,0,0,1
2013,16,Sydney,GWS,oddsmakers,80.5,129.0,1,1,0,1
2013,17,North Melbourne,Carlton,oddsmakers,7.5,-1.0,1,0,0,0
2013,17,St Kilda,Port Adelaide,oddsmakers,-4.5,-5.0,0,0,0,1
2013,17,Gold Coast,Collingwood,oddsmakers,-27.5,7.0,0,1,0,0
2013,17,GWS,Essendon,oddsmakers,-69.5,-39.0,0,0,0,1
2013,17,Melbourne,Brisbane,oddsmakers,-24.5,-19.0,0,0,0,1
2013,17,Hawthorn,Western Bulldogs,oddsmakers,56.5,19.0,1,1,0,1
2013,17,Adelaide,Geelong,oddsmakers,-24.5,2.0,0,1,0,0
2013,17,West Coast,Sydney,oddsmakers,-11.5,-34.0,0,0,0,1
2013,17,Richmond,Fremantle,oddsmakers,5.5,27.0,1,1,0,1
2013,18,Essendon,Hawthorn,oddsmakers,-22.5,-56.0,0,0,0,1
2013,18,Fremantle,Adelaide,oddsmakers,24.5,22.0,1,1,0,1
2013,18,Melbourne,North Melbourne,oddsmakers,-62.5,-122.0,0,0,0,1
2013,18,Geelong,St Kilda,oddsmakers,43.5,101.0,1,1,0,1
2013,18,Collingwood,GWS,oddsmakers,86.5,40.0,1,1,0,1
2013,18,Gold Coast,Carlton,oddsmakers,-16.5,-43.0,0,0,0,1
2013,18,Port Adelaide,Brisbane,oddsmakers,19.5,9.0,1,1,0,1
2013,18,Western Bulldogs,West Coast,oddsmakers,-11.5,22.0,0,1,0,0
2013,18,Sydney,Richmond,oddsmakers,22.5,47.0,1,1,0,1
2013,19,North Melbourne,Geelong,oddsmakers,-21.5,10.0,0,1,0,0
2013,19,West Coast,Gold Coast,oddsmakers,15.5,17.0,1,1,0,1
2013,19,Carlton,Fremantle,oddsmakers,2.5,-36.0,1,0,0,0
2013,19,Brisbane,St Kilda,oddsmakers,25.5,31.0,1,1,0,1
2013,19,Hawthorn,Richmond,oddsmakers,28.5,-41.0,1,0,0,0
2013,19,GWS,Melbourne,oddsmakers,7.5,37.0,1,1,0,1
2013,19,Adelaide,Port Adelaide,oddsmakers,-2.5,-4.0,0,0,0,1
2013,19,Western Bulldogs,Sydney,oddsmakers,-44.5,-35.0,0,0,0,1
2013,19,Collingwood,Essendon,oddsmakers,2.5,79.0,1,1,0,1
2013,20,St Kilda,Hawthorn,oddsmakers,-54.5,-46.0,0,0,0,1
2013,20,Sydney,Collingwood,oddsmakers,17.5,-29.0,1,0,0,0
2013,20,Carlton,Western Bulldogs,oddsmakers,18.5,-28.0,1,0,0,0
2013,20,Geelong,Port Adelaide,oddsmakers,42.5,25.0,1,1,0,1
2013,20,Richmond,Brisbane,oddsmakers,33.5,23.0,1,1,0,1
2013,20,Gold Coast,Melbourne,oddsmakers,42.5,13.0,1,1,0,1
2013,20,Adelaide,North Melbourne,oddsmakers,-3.5,9.0,0,1,0,0
2013,20,Fremantle,GWS,oddsmakers,78.5,113.0,1,1,0,1
2013,20,Essendon,West Coast,oddsmakers,16.5,-53.0,1,0,0,0
2013,21,Hawthorn,Collingwood,oddsmakers,12.5,35.0,1,1,0,1
2013,21,Port Adelaide,Gold Coast,oddsmakers,30.5,17.0,1,1,0,1
2013,21,West Coast,Geelong,oddsmakers,-14.5,-66.0,0,0,0,1
2013,21,Essendon,North Melbourne,oddsmakers,-22.5,-45.0,0,0,0,1
2013,21,Brisbane,GWS,oddsmakers,61.5,60.0,1,1,0,1
2013,21,Richmond,Carlton,oddsmakers,25.5,-10.0,1,0,0,0
2013,21,Western Bulldogs,Adelaide,oddsmakers,-3.5,17.0,0,1,0,0
2013,21,Melbourne,Fremantle,oddsmakers,-66.5,-95.0,0,0,0,1
2013,21,Sydney,St Kilda,oddsmakers,60.5,59.0,1,1,0,1
2013,22,Collingwood,West Coast,oddsmakers,34.5,62.0,1,1,0,1
2013,22,Adelaide,Melbourne,oddsmakers,61.5,68.0,1,1,0,1
2013,22,Fremantle,Port Adelaide,oddsmakers,35.5,74.0,1,1,0,1
2013,22,North Melbourne,Hawthorn,oddsmakers,-20.5,-14.0,0,0,0,1
2013,22,Geelong,Sydney,oddsmakers,14.5,44.0,1,1,0,1
2013,22,Carlton,Essendon,oddsmakers,18.5,-6.0,1,0,0,0
2013,22,St Kilda,Gold Coast,oddsmakers,5.5,46.0,1,1,0,1
2013,22,Brisbane,Western Bulldogs,oddsmakers,10.5,7.0,1,1,0,1
2013,22,GWS,Richmond,oddsmakers,-62.5,-121.0,0,0,0,1
2013,23,Sydney,Hawthorn,oddsmakers,-12.5,-12.0,0,0,0,1
2013,23,Port Adelaide,Carlton,oddsmakers,1.5,-1.0,1,0,0,0
2013,23,West Coast,Adelaide,oddsmakers,1.5,-86.0,1,0,0,0
2013,23,St Kilda,Fremantle,oddsmakers,5.5,71.0,1,1,0,1
2013,23,Geelong,Brisbane,oddsmakers,57.5,1.0,1,1,0,1
2013,23,Essendon,Richmond,oddsmakers,-18.5,-39.0,0,0,0,1
2013,23,Western Bulldogs,Melbourne,oddsmakers,46.5,20.0,1,1,0,1
2013,23,Collingwood,North Melbourne,oddsmakers,8.5,-11.0,1,0,0,0
2013,23,Gold Coast,GWS,oddsmakers,48.5,83.0,1,1,0,1
2013,25,Hawthorn,Sydney,oddsmakers,10.5,54.0,1,1,0,1
2013,25,Geelong,Fremantle,oddsmakers,16.5,-15.0,1,0,0,0
2013,25,Collingwood,Port Adelaide,oddsmakers,29.5,-24.0,1,0,0,0
2013,25,Richmond,Carlton,oddsmakers,13.5,-20.0,1,0,0,0
2013,26,Geelong,Port Adelaide,oddsmakers,28.5,16.0,1,1,0,1
2013,26,Sydney,Carlton,oddsmakers,18.5,24.0,1,1,0,1
2013,27,Hawthorn,Geelong,oddsmakers,11.5,5.0,1,1,0,1
2013,27,Fremantle,Sydney,oddsmakers,22.5,25.0,1,1,0,1
2013,28,Hawthorn,Fremantle,oddsmakers,8.5,15.0,1,1,0,1
2014,1,Collingwood,Fremantle,oddsmakers,-9.5,-70.0,0,0,0,1
2014,1,Gold Coast,Richmond,oddsmakers,-14.5,18.0,0,1,0,0
2014,1,GWS,Sydney,oddsmakers,-44.5,32.0,0,1,0,0
2014,1,Carlton,Port Adelaide,oddsmakers,6.5,-33.0,1,0,0,0
2014,1,Geelong,Adelaide,oddsmakers,19.5,38.0,1,1,0,1
2014,1,North Melbourne,Essendon,oddsmakers,13.5,-39.0,1,0,0,0
2014,1,St Kilda,Melbourne,oddsmakers,-6.5,17.0,0,1,0,0
2014,1,Hawthorn,Brisbane,oddsmakers,45.5,48.0,1,1,0,1
2014,1,West Coast,Western Bulldogs,oddsmakers,31.5,65.0,1,1,0,1
2014,2,Richmond,Carlton,oddsmakers,11.5,12.0,1,1,0,1
2014,2,Essendon,Hawthorn,oddsmakers,-14.5,-4.0,0,0,0,1
2014,2,Sydney,Collingwood,oddsmakers,15.5,-20.0,1,0,0,0
2014,2,Port Adelaide,Adelaide,oddsmakers,4.5,54.0,1,1,0,1
2014,2,Fremantle,Gold Coast,oddsmakers,41.5,48.0,1,1,0,1
2014,2,St Kilda,GWS,oddsmakers,3.5,7.0,1,1,0,1
2014,2,Western Bulldogs,North Melbourne,oddsmakers,-21.5,-29.0,0,0,0,1
2014,2,Brisbane,Geelong,oddsmakers,-22.5,-25.0,0,0,0,1
2014,2,Melbourne,West Coast,oddsmakers,-46.5,-93.0,0,0,0,1
2014,3,Hawthorn,Fremantle,oddsmakers,5.5,58.0,1,1,0,1
2014,3,Adelaide,Sydney,oddsmakers,-3.5,-63.0,0,0,0,1
2014,3,West Coast,St Kilda,oddsmakers,56.5,25.0,1,1,0,1
2014,3,Western Bulldogs,Richmond,oddsmakers,-15.5,2.0,0,1,0,0
2014,3,Collingwood,Geelong,oddsmakers,-10.5,-11.0,0,0,0,1
2014,3,Gold Coast,Brisbane,oddsmakers,5.5,53.0,1,1,0,1
2014,3,North Melbourne,Port Adelaide,oddsmakers,-2.5,7.0,0,1,0,0
2014,3,Essendon,Carlton,oddsmakers,11.5,81.0,1,1,0,1
2014,3,GWS,Melbourne,oddsmakers,20.5,32.0,1,1,0,1
2014,4,Richmond,Collingwood,oddsmakers,-12.5,-38.0,0,0,0,1
2014,4,Port Adelaide,Brisbane,oddsmakers,35.5,113.0,1,1,0,1
2014,4,Geelong,West Coast,oddsmakers,32.5,75.0,1,1,0,1
2014,4,Carlton,Melbourne,oddsmakers,33.5,-23.0,1,0,0,0
2014,4,GWS,Western Bulldogs,oddsmakers,-9.5,-27.0,0,0,0,1
2014,4,Gold Coast,Hawthorn,oddsmakers,-27.5,-99.0,0,0,0,1
2014,4,Fremantle,Essendon,oddsmakers,1.5,53.0,1,1,0,1
2014,4,St Kilda,Adelaide,oddsmakers,-5.5,-86.0,0,0,0,1
2014,4,Sydney,North Melbourne,oddsmakers,15.5,-43.0,1,0,0,0
2014,5,Brisbane,Richmond,oddsmakers,-29.5,-43.0,0,0,0,1
2014,5,West Coast,Port Adelaide,oddsmakers,2.5,-14.0,1,0,0,0
2014,5,Essendon,St Kilda,oddsmakers,38.5,-16.0,1,0,0,0
2014,5,Collingwood,North Melbourne,oddsmakers,1.5,35.0,1,1,0,1
2014,5,Sydney,Fremantle,oddsmakers,-8.5,17.0,0,1,0,0
2014,5,Adelaide,GWS,oddsmakers,43.5,65.0,1,1,0,1
2014,5,Western Bulldogs,Carlton,oddsmakers,3.5,-28.0,1,0,0,0
2014,5,Melbourne,Gold Coast,oddsmakers,-18.5,-8.0,0,0,0,1
2014,5,Geelong,Hawthorn,oddsmakers,-10.5,19.0,0,1,0,0
2014,6,Fremantle,North Melbourne,oddsmakers,23.5,-13.0,1,0,0,0
2014,6,Collingwood,Essendon,oddsmakers,11.5,23.0,1,1,0,1
2014,6,St Kilda,Brisbane,oddsmakers,18.5,-3.0,1,0,0,0
2014,6,Carlton,West Coast,oddsmakers,-3.5,3.0,0,1,0,0
2014,6,Melbourne,Sydney,oddsmakers,-40.5,-31.0,0,0,0,1
2014,6,Gold Coast,GWS,oddsmakers,32.5,40.0,1,1,0,1
2014,6,Port Adelaide,Geelong,oddsmakers,-5.5,40.0,0,1,0,0
2014,6,Western Bulldogs,Adelaide,oddsmakers,-10.5,-9.0,0,0,0,1
2014,6,Richmond,Hawthorn,oddsmakers,-34.5,-66.0,0,0,0,1
2014,7,Carlton,Collingwood,oddsmakers,-26.5,-34.0,0,0,0,1
2014,7,Adelaide,Melbourne,oddsmakers,48.5,-3.0,1,0,0,0
2014,7,Essendon,Western Bulldogs,oddsmakers,23.5,8.0,1,1,0,1
2014,7,Brisbane,Sydney,oddsmakers,-31.5,-79.0,0,0,0,1
2014,7,Hawthorn,St Kilda,oddsmakers,54.5,145.0,1,1,0,1
2014,7,GWS,Port Adelaide,oddsmakers,-45.5,-35.0,0,0,0,1
2014,7,West Coast,Fremantle,oddsmakers,-12.5,-19.0,0,0,0,1
2014,7,North Melbourne,Gold Coast,oddsmakers,24.5,-43.0,1,0,0,0
2014,7,Geelong,Richmond,oddsmakers,28.5,5.0,1,1,0,1
2014,8,Sydney,Hawthorn,oddsmakers,-6.5,19.0,0,1,0,0
2014,8,Port Adelaide,Fremantle,oddsmakers,10.5,18.0,1,1,0,1
2014,8,Brisbane,Essendon,oddsmakers,-24.5,-8.0,0,0,0,1
2014,8,Melbourne,Western Bulldogs,oddsmakers,-13.5,-16.0,0,0,0,1
2014,8,West Coast,GWS,oddsmakers,56.5,111.0,1,1,0,1
2014,8,St Kilda,Carlton,oddsmakers,-19.5,-32.0,0,0,0,1
2014,9,Adelaide,Collingwood,oddsmakers,-15.5,21.0,0,1,0,0
2014,9,Essendon,Sydney,oddsmakers,-18.5,-50.0,0,0,0,1
2014,9,Fremantle,Geelong,oddsmakers,2.5,32.0,1,1,0,1
2014,9,North Melbourne,Brisbane,oddsmakers,57.5,87.0,1,1,0,1
2014,9,Richmond,Melbourne,oddsmakers,31.5,-17.0,1,0,0,0
2014,9,St Kilda,Gold Coast,oddsmakers,-30.5,-38.0,0,0,0,1
2014,10,Geelong,North Melbourne,oddsmakers,13.5,20.0,1,1,0,1
2014,10,Port Adelaide,Hawthorn,oddsmakers,12.5,14.0,1,1,0,1
2014,10,Collingwood,West Coast,oddsmakers,22.5,8.0,1,1,0,1
2014,10,GWS,Richmond,oddsmakers,-18.5,-113.0,0,0,0,1
2014,10,Carlton,Adelaide,oddsmakers,-8.5,5.0,0,1,0,0
2014,10,Gold Coast,Western Bulldogs,oddsmakers,27.5,45.0,1,1,0,1
2014,11,Sydney,Geelong,oddsmakers,17.5,110.0,1,1,0,1
2014,11,St Kilda,Collingwood,oddsmakers,-45.5,-86.0,0,0,0,1
2014,11,Brisbane,Carlton,oddsmakers,-13.5,7.0,0,1,0,0
2014,11,Essendon,Richmond,oddsmakers,7.5,50.0,1,1,0,1
2014,11,Melbourne,Port Adelaide,oddsmakers,-36.5,-20.0,0,0,0,1
2014,11,Adelaide,Gold Coast,oddsmakers,10.5,32.0,1,1,0,1
2014,11,West Coast,North Melbourne,oddsmakers,8.5,-38.0,1,0,0,0
2014,11,Western Bulldogs,Fremantle,oddsmakers,-32.5,-38.0,0,0,0,1
2014,11,Hawthorn,GWS,oddsmakers,78.5,7.0,1,1,0,1
2014,12,Geelong,Carlton,oddsmakers,31.5,5.0,1,1,0,1
2014,12,Port Adelaide,St Kilda,oddsmakers,59.5,70.0,1,1,0,1
2014,12,Western Bulldogs,Brisbane,oddsmakers,19.5,-8.0,1,0,0,0
2014,12,GWS,Essendon,oddsmakers,-36.5,-15.0,0,0,0,1
2014,12,Hawthorn,West Coast,oddsmakers,32.5,44.0,1,1,0,1
2014,12,Fremantle,Adelaide,oddsmakers,29.5,40.0,1,1,0,1
2014,12,North Melbourne,Richmond,oddsmakers,23.5,28.0,1,1,0,1
2014,12,Gold Coast,Sydney,oddsmakers,-26.5,-35.0,0,0,0,1
2014,12,Melbourne,Collingwood,oddsmakers,-28.5,-33.0,0,0,0,1
2014,13,Carlton,Hawthorn,oddsmakers,-31.5,-28.0,0,0,0,1
2014,13,Adelaide,North Melbourne,oddsmakers,2.5,36.0,1,1,0,1
2014,13,West Coast,Gold Coast,oddsmakers,8.5,3.0,1,1,0,1
2014,13,Brisbane,GWS,oddsmakers,16.5,-45.0,1,0,0,0
2014,13,Richmond,Fremantle,oddsmakers,-21.5,-20.0,0,0,0,1
2014,13,Sydney,Port Adelaide,oddsmakers,15.5,4.0,1,1,0,1
2014,13,Collingwood,Western Bulldogs,oddsmakers,35.5,-8.0,1,0,0,0
2014,13,Geelong,St Kilda,oddsmakers,56.5,96.0,1,1,0,1
2014,13,Essendon,Melbourne,oddsmakers,16.5,-1.0,1,0,0,0
2014,14,Richmond,Sydney,oddsmakers,-28.5,-11.0,0,0,0,1
2014,14,Port Adelaide,Western Bulldogs,oddsmakers,45.5,72.0,1,1,0,1
2014,14,Fremantle,Brisbane,oddsmakers,55.5,83.0,1,1,0,1
2014,14,Essendon,Adelaide,oddsmakers,-8.5,9.0,0,1,0,0
2014,14,Hawthorn,Collingwood,oddsmakers,19.5,29.0,1,1,0,1
2014,14,Gold Coast,Geelong,oddsmakers,-13.5,40.0,0,1,0,0
2014,14,St Kilda,West Coast,oddsmakers,-35.5,-33.0,0,0,0,1
2014,14,Melbourne,North Melbourne,oddsmakers,-23.5,-41.0,0,0,0,1
2014,14,GWS,Carlton,oddsmakers,-23.5,8.0,0,1,0,0
2014,15,Geelong,Essendon,oddsmakers,18.5,9.0,1,1,0,1
2014,15,Fremantle,West Coast,oddsmakers,25.5,7.0,1,1,0,1
2014,15,St Kilda,Richmond,oddsmakers,-38.5,-44.0,0,0,0,1
2014,15,Brisbane,North Melbourne,oddsmakers,-37.5,4.0,0,1,0,0
2014,15,Sydney,GWS,oddsmakers,49.5,46.0,1,1,0,1
2014,15,Hawthorn,Gold Coast,oddsmakers,35.5,53.0,1,1,0,1
2014,15,Adelaide,Port Adelaide,oddsmakers,-17.5,23.0,0,1,0,0
2014,15,Western Bulldogs,Melbourne,oddsmakers,4.5,6.0,1,1,0,1
2014,15,Collingwood,Carlton,oddsmakers,23.5,15.0,1,1,0,1
2014,16,North Melbourne,Hawthorn,oddsmakers,-25.5,20.0,0,1,0,0
2014,16,Port Adelaide,Essendon,oddsmakers,30.5,-2.0,1,0,0,0
2014,16,Richmond,Brisbane,oddsmakers,43.5,25.0,1,1,0,1
2014,16,Gold Coast,Collingwood,oddsmakers,1.5,5.0,0,1,0,0
2014,16,GWS,Adelaide,oddsmakers,-28.5,-68.0,0,0,0,1
2014,16,Melbourne,Fremantle,oddsmakers,-37.5,-63.0,0,0,0,1
2014,16,West Coast,Sydney,oddsmakers,-16.5,-28.0,0,0,0,1
2014,16,Carlton,St Kilda,oddsmakers,33.5,85.0,1,1,0,1
2014,16,Geelong,Western Bulldogs,oddsmakers,36.5,13.0,1,1,0,1
2014,17,Adelaide,Hawthorn,oddsmakers,-5.5,-12.0,0,0,0,1
2014,17,North Melbourne,St Kilda,oddsmakers,59.5,59.0,1,1,0,1
2014,17,Western Bulldogs,Gold Coast,oddsmakers,-8.5,28.0,0,1,0,0
2014,17,Brisbane,West Coast,oddsmakers,-14.5,-12.0,0,0,0,1
2014,17,Melbourne,Geelong,oddsmakers,-35.5,-66.0,0,0,0,1
2014,17,Sydney,Carlton,oddsmakers,37.5,71.0,1,1,0,1
2014,17,Fremantle,GWS,oddsmakers,69.5,76.0,1,1,0,1
2014,17,Richmond,Port Adelaide,oddsmakers,-12.5,20.0,0,1,0,0
2014,17,Essendon,Collingwood,oddsmakers,-12.5,64.0,0,1,0,0
2014,18,Carlton,North Melbourne,oddsmakers,-27.5,23.0,0,1,0,0
2014,18,St Kilda,Fremantle,oddsmakers,-56.5,58.0,0,1,0,0
2014,18,GWS,Geelong,oddsmakers,-41.5,-7.0,0,0,0,1
2014,18,Port Adelaide,Melbourne,oddsmakers,43.5,3.0,1,1,0,1
2014,18,Western Bulldogs,Essendon,oddsmakers,-18.5,-7.0,0,0,0,1
2014,18,West Coast,Richmond,oddsmakers,10.5,-17.0,1,0,0,0
2014,18,Brisbane,Gold Coast,oddsmakers,-12.5,54.0,0,1,0,0
2014,18,Hawthorn,Sydney,oddsmakers,-2.5,10.0,0,1,0,0
2014,18,Collingwood,Adelaide,oddsmakers,2.5,-16.0,1,0,0,0
2014,19,Fremantle,Carlton,oddsmakers,39.5,5.0,1,1,0,1
2014,19,Sydney,Essendon,oddsmakers,26.5,22.0,1,1,0,1
2014,19,Adelaide,West Coast,oddsmakers,31.5,-31.0,1,0,0,0
2014,19,North Melbourne,Geelong,oddsmakers,-8.5,-32.0,0,0,0,1
2014,19,Richmond,GWS,oddsmakers,45.5,27.0,1,1,0,1
2014,19,Gold Coast,St Kilda,oddsmakers,19.5,53.0,1,1,0,1
2014,19,Melbourne,Brisbane,oddsmakers,5.5,-23.0,1,0,0,0
2014,19,Collingwood,Port Adelaide,oddsmakers,-6.5,6.0,0,1,0,0
2014,19,Hawthorn,Western Bulldogs,oddsmakers,38.5,62.0,1,1,0,1
2014,20,Richmond,Essendon,oddsmakers,-8.5,18.0,0,1,0,0
2014,20,Port Adelaide,Sydney,oddsmakers,-16.5,-26.0,0,0,0,1
2014,20,Carlton,Gold Coast,oddsmakers,14.5,39.0,1,1,0,1
2014,20,Geelong,Fremantle,oddsmakers,14.5,2.0,1,1,0,1
2014,20,Hawthorn,Melbourne,oddsmakers,56.5,50.0,1,1,0,1
2014,20,GWS,North Melbourne,oddsmakers,-34.5,-75.0,0,0,0,1
2014,20,West Coast,Collingwood,oddsmakers,6.5,60.0,1,1,0,1
2014,20,St Kilda,Western Bulldogs,oddsmakers,-22.5,-23.0,0,0,0,1
2014,20,Brisbane,Adelaide,oddsmakers,-15.5,-105.0,0,0,0,1
2014,21,Carlton,Geelong,oddsmakers,-12.5,-6.0,0,0,0,1
2014,21,Adelaide,Richmond,oddsmakers,15.5,-10.0,1,0,0,0
2014,21,Essendon,West Coast,oddsmakers,9.5,3.0,1,1,0,1
2014,21,Collingwood,Brisbane,oddsmakers,37.5,-67.0,1,0,0,0
2014,21,Gold Coast,Port Adelaide,oddsmakers,-16.5,-9.0,0,0,0,1
2014,21,Sydney,St Kilda,oddsmakers,67.5,71.0,1,1,0,1
2014,21,Fremantle,Hawthorn,oddsmakers,7.5,19.0,1,1,0,1
2014,21,North Melbourne,Western Bulldogs,oddsmakers,20.5,50.0,1,1,0,1
2014,21,Melbourne,GWS,oddsmakers,12.5,-64.0,1,0,0,0
2014,22,Port Adelaide,Carlton,oddsmakers,21.5,103.0,1,1,0,1
2014,22,North Melbourne,Adelaide,oddsmakers,5.5,7.0,1,1,0,1
2014,22,West Coast,Melbourne,oddsmakers,60.5,66.0,1,1,0,1
2014,22,Essendon,Gold Coast,oddsmakers,32.5,19.0,1,1,0,1
2014,22,Hawthorn,Geelong,oddsmakers,10.5,23.0,1,1,0,1
2014,22,GWS,Collingwood,oddsmakers,-11.5,-8.0,0,0,0,1
2014,22,Western Bulldogs,Sydney,oddsmakers,-34.5,-63.0,0,0,0,1
2014,22,Brisbane,Fremantle,oddsmakers,-26.5,-58.0,0,0,0,1
2014,22,Richmond,St Kilda,oddsmakers,43.5,26.0,1,1,0,1
2014,23,Collingwood,Hawthorn,oddsmakers,-49.5,-65.0,0,0,0,1
2014,23,Sydney,Richmond,oddsmakers,22.5,-3.0,1,0,0,0
2014,23,Fremantle,Port Adelaide,oddsmakers,14.5,8.0,1,1,0,1
2014,23,North Melbourne,Melbourne,oddsmakers,44.5,30.0,1,1,0,1
2014,23,Geelong,Brisbane,oddsmakers,38.5,62.0,1,1,0,1
2014,23,Carlton,Essendon,oddsmakers,-15.5,0.0,0,0,1,1
2014,23,Adelaide,St Kilda,oddsmakers,58.5,79.0,1,1,0,1
2014,23,Western Bulldogs,GWS,oddsmakers,24.5,-6.0,1,0,0,0
2014,23,Gold Coast,West Coast,oddsmakers,-17.5,-52.0,0,0,0,1
2014,25,Hawthorn,Geelong,oddsmakers,13.5,36.0,1,1,0,1
2014,25,Sydney,Fremantle,oddsmakers,10.5,24.0,1,1,0,1
2014,25,North Melbourne,Essendon,oddsmakers,5.5,12.0,1,1,0,1
2014,25,Port Adelaide,Richmond,oddsmakers,15.5,57.0,1,1,0,1
2014,26,Geelong,North Melbourne,oddsmakers,5.0,-6.0,1,0,0,0
2014,26,Fremantle,Port Adelaide,oddsmakers,7.5,-22.0,1,0,0,0
2014,27,Sydney,North Melbourne,oddsmakers,30.5,71.0,1,1,0,1
2014,27,Hawthorn,Port Adelaide,oddsmakers,21.5,3.0,1,1,0,1
2014,28,Sydney,Hawthorn,oddsmakers,7.5,-63.0,1,0,0,0
2015,1,Carlton,Richmond,oddsmakers,-10.5,-27.0,0,0,0,1
2015,1,Sydney,Essendon,oddsmakers,22.5,12.0,1,1,0,1
2015,1,Western Bulldogs,West Coast,oddsmakers,-12.5,10.0,0,1,0,0
2015,1,Brisbane,Collingwood,oddsmakers,12.5,-12.0,1,0,0,0
2015,1,Melbourne,Gold Coast,oddsmakers,-15.5,26.0,0,1,0,0
2015,1,Adelaide,North Melbourne,oddsmakers,5.5,77.0,1,1,0,1
2015,1,Fremantle,Port Adelaide,oddsmakers,4.5,7.0,1,1,0,1
2015,1,St Kilda,GWS,oddsmakers,-20.5,-9.0,0,0,0,1
2015,1,Hawthorn,Geelong,oddsmakers,18.5,62.0,1,1,0,1
2015,2,West Coast,Carlton,oddsmakers,12.5,69.0,1,1,0,1
2015,2,Port Adelaide,Sydney,oddsmakers,5.5,-48.0,1,0,0,0
2015,2,Collingwood,Adelaide,oddsmakers,-12.5,-27.0,0,0,0,1
2015,2,Richmond,Western Bulldogs,oddsmakers,18.5,-19.0,1,0,0,0
2015,2,GWS,Melbourne,oddsmakers,16.5,45.0,1,1,0,1
2015,2,Gold Coast,St Kilda,oddsmakers,30.5,-28.0,1,0,0,0
2015,2,North Melbourne,Brisbane,oddsmakers,35.5,82.0,1,1,0,1
2015,2,Geelong,Fremantle,oddsmakers,5.5,-44.0,0,0,0,1
2015,2,Essendon,Hawthorn,oddsmakers,-28.5,2.0,0,1,0,0
2015,3,Collingwood,St Kilda,oddsmakers,16.5,74.0,1,1,0,1
2015,3,Adelaide,Melbourne,oddsmakers,48.5,25.0,1,1,0,1
2015,3,North Melbourne,Port Adelaide,oddsmakers,-1.5,-8.0,0,0,0,1
2015,3,Brisbane,Richmond,oddsmakers,-13.5,-79.0,0,0,0,1
2015,3,Carlton,Essendon,oddsmakers,-26.5,-21.0,0,0,0,1
2015,3,Sydney,GWS,oddsmakers,35.5,21.0,1,1,0,1
2015,3,West Coast,Fremantle,oddsmakers,-19.5,-30.0,0,0,0,1
2015,3,Geelong,Gold Coast,oddsmakers,37.5,9.0,1,1,0,1
2015,3,Hawthorn,Western Bulldogs,oddsmakers,45.5,70.0,1,1,0,1
2015,4,Richmond,Melbourne,oddsmakers,21.5,-32.0,1,0,0,0
2015,4,Port Adelaide,Hawthorn,oddsmakers,-12.5,8.0,0,1,0,0
2015,4,Fremantle,Sydney,oddsmakers,9.5,14.0,1,1,0,1
2015,4,Essendon,Collingwood,oddsmakers,15.5,-20.0,1,0,0,0
2015,4,GWS,Gold Coast,oddsmakers,20.5,66.0,1,1,0,1
2015,4,St Kilda,Carlton,oddsmakers,-20.5,-40.0,0,0,0,1
2015,4,Western Bulldogs,Adelaide,oddsmakers,-25.5,57.0,0,1,0,0
2015,4,Geelong,North Melbourne,oddsmakers,-6.5,-16.0,0,0,0,1
2015,4,Brisbane,West Coast,oddsmakers,-14.5,-53.0,0,0,0,1
2015,5,Carlton,Collingwood,oddsmakers,-8.5,-75.0,0,0,0,1
2015,5,West Coast,GWS,oddsmakers,8.5,87.0,1,1,0,1
2015,5,North Melbourne,Hawthorn,oddsmakers,-20.5,-60.0,0,0,0,1
2015,5,Richmond,Geelong,oddsmakers,7.5,-9.0,1,0,0,0
2015,5,Gold Coast,Brisbane,oddsmakers,2.5,64.0,1,1,0,1
2015,5,Sydney,Western Bulldogs,oddsmakers,34.5,-4.0,1,0,0,0
2015,5,Adelaide,Port Adelaide,oddsmakers,-8.5,-24.0,0,0,0,1
2015,5,St Kilda,Essendon,oddsmakers,-37.5,-2.0,0,0,0,1
2015,5,Melbourne,Fremantle,oddsmakers,-30.5,-68.0,0,0,0,1
2015,6,Collingwood,Geelong,oddsmakers,8.5,-41.0,1,0,0,0
2015,6,North Melbourne,Richmond,oddsmakers,12.5,35.0,1,1,0,1
2015,6,Fremantle,Essendon,oddsmakers,27.5,28.0,1,1,0,1
2015,6,Western Bulldogs,St Kilda,oddsmakers,17.5,-7.0,1,0,0,0
2015,6,Melbourne,Sydney,oddsmakers,-30.5,-38.0,0,0,0,1
2015,6,Gold Coast,Adelaide,oddsmakers,-38.5,-41.0,0,0,0,1
2015,6,GWS,Hawthorn,oddsmakers,-25.5,10.0,0,1,0,0
2015,6,Port Adelaide,West Coast,oddsmakers,30.5,-10.0,1,0,0,0
2015,6,Carlton,Brisbane,oddsmakers,26.5,-9.0,1,0,0,0
2015,7,Essendon,North Melbourne,oddsmakers,-14.5,-11.0,0,0,0,1
2015,7,Sydney,Geelong,oddsmakers,25.5,43.0,1,1,0,1
2015,7,Adelaide,St Kilda,oddsmakers,29.5,46.0,1,1,0,1
2015,7,West Coast,Gold Coast,oddsmakers,39.5,92.0,1,1,0,1
2015,7,Carlton,GWS,oddsmakers,-12.5,-78.0,0,0,0,1
2015,7,Hawthorn,Melbourne,oddsmakers,42.5,105.0,1,1,0,1
2015,7,Western Bulldogs,Fremantle,oddsmakers,-23.5,-13.0,0,0,0,1
2015,7,Brisbane,Port Adelaide,oddsmakers,-32.5,37.0,0,1,0,0
2015,7,Richmond,Collingwood,oddsmakers,-5.5,5.0,0,1,0,0
2015,8,Geelong,Carlton,oddsmakers,28.5,77.0,1,1,0,1
2015,8,Fremantle,North Melbourne,oddsmakers,30.5,73.0,1,1,0,1
2015,8,St Kilda,West Coast,oddsmakers,-34.5,-53.0,0,0,0,1
2015,8,Hawthorn,Sydney,oddsmakers,13.5,-4.0,1,0,0,0
2015,8,Gold Coast,Collingwood,oddsmakers,-24.5,-69.0,0,0,0,1
2015,8,GWS,Adelaide,oddsmakers,11.5,24.0,1,1,0,1
2015,8,Port Adelaide,Richmond,oddsmakers,22.5,-33.0,1,0,0,0
2015,8,Essendon,Brisbane,oddsmakers,29.5,58.0,1,1,0,1
2015,8,Melbourne,Western Bulldogs,oddsmakers,-17.5,39.0,0,1,0,0
2015,9,Sydney,Carlton,oddsmakers,72.5,60.0,1,1,0,1
2015,9,Adelaide,Fremantle,oddsmakers,-23.5,-11.0,0,0,0,1
2015,9,Western Bulldogs,GWS,oddsmakers,-12.5,45.0,0,1,0,0
2015,9,Richmond,Essendon,oddsmakers,4.5,13.0,1,1,0,1
2015,9,Melbourne,Port Adelaide,oddsmakers,-15.5,-61.0,0,0,0,1
2015,9,Hawthorn,Gold Coast,oddsmakers,68.5,53.0,1,1,0,1
2015,9,West Coast,Geelong,oddsmakers,15.5,56.0,1,1,0,1
2015,9,Brisbane,St Kilda,oddsmakers,8.5,-22.0,1,0,0,0
2015,9,Collingwood,North Melbourne,oddsmakers,-2.5,17.0,0,1,0,0
2015,10,Fremantle,Richmond,oddsmakers,26.5,-27.0,1,0,0,0
2015,10,Port Adelaide,Western Bulldogs,oddsmakers,28.5,38.0,1,1,0,1
2015,10,Essendon,Geelong,oddsmakers,-2.5,-69.0,0,0,0,1
2015,10,Carlton,Adelaide,oddsmakers,-23.5,-9.0,0,0,0,1
2015,10,Gold Coast,Sydney,oddsmakers,-61.5,-52.0,0,0,0,1
2015,10,North Melbourne,West Coast,oddsmakers,-4.5,10.0,0,1,0,0
2015,10,St Kilda,Hawthorn,oddsmakers,-57.5,-63.0,0,0,0,1
2015,10,GWS,Brisbane,oddsmakers,45.5,30.0,1,1,0,1
2015,10,Melbourne,Collingwood,oddsmakers,-26.5,-25.0,0,0,0,1
2015,11,Port Adelaide,Geelong,oddsmakers,14.5,-23.0,1,0,0,0
2015,11,West Coast,Essendon,oddsmakers,39.5,50.0,1,1,0,1
2015,11,North Melbourne,Sydney,oddsmakers,-14.5,-16.0,0,0,0,1
2015,11,Gold Coast,Fremantle,oddsmakers,-45.5,-7.0,0,0,0,1
2015,11,St Kilda,Melbourne,oddsmakers,5.5,2.0,1,1,0,1
2015,11,Collingwood,GWS,oddsmakers,7.5,42.0,1,1,0,1
2015,12,Adelaide,Hawthorn,oddsmakers,-18.5,-29.0,0,0,0,1
2015,12,Richmond,West Coast,oddsmakers,2.5,-20.0,1,0,0,0
2015,12,Western Bulldogs,Brisbane,oddsmakers,25.5,72.0,1,1,0,1
2015,12,Carlton,Port Adelaide,oddsmakers,-16.5,4.0,0,1,0,0
2015,12,GWS,North Melbourne,oddsmakers,-17.5,-56.0,0,0,0,1
2015,12,Geelong,Melbourne,oddsmakers,42.5,-24.0,1,0,0,0
2015,13,Fremantle,Collingwood,oddsmakers,22.5,7.0,1,1,0,1
2015,13,Sydney,Richmond,oddsmakers,20.5,-18.0,1,0,0,0
2015,13,St Kilda,Western Bulldogs,oddsmakers,-13.5,-6.0,0,0,0,1
2015,13,Brisbane,Adelaide,oddsmakers,-24.5,-13.0,0,0,0,1
2015,13,Hawthorn,Essendon,oddsmakers,52.5,38.0,1,1,0,1
2015,13,Carlton,Gold Coast,oddsmakers,17.5,34.0,1,1,0,1
2015,14,Sydney,Port Adelaide,oddsmakers,14.5,10.0,1,1,0,1
2015,14,Collingwood,Hawthorn,oddsmakers,-22.5,-10.0,0,0,0,1
2015,14,Western Bulldogs,Carlton,oddsmakers,16.5,11.0,1,1,0,1
2015,14,Richmond,GWS,oddsmakers,34.5,9.0,1,1,0,1
2015,14,Gold Coast,North Melbourne,oddsmakers,-25.5,55.0,0,1,0,0
2015,14,Melbourne,West Coast,oddsmakers,-29.5,-54.0,0,0,0,1
2015,14,Fremantle,Brisbane,oddsmakers,56.5,36.0,1,1,0,1
2015,14,Essendon,St Kilda,oddsmakers,5.5,-110.0,1,0,0,0
2015,15,Port Adelaide,Collingwood,oddsmakers,2.5,3.0,1,1,0,1
2015,15,Richmond,Carlton,oddsmakers,21.5,30.0,1,1,0,1
2015,15,Western Bulldogs,Gold Coast,oddsmakers,5.5,22.0,1,1,0,1
2015,15,West Coast,Adelaide,oddsmakers,34.5,56.0,1,1,0,1
2015,15,North Melbourne,Geelong,oddsmakers,-3.5,41.0,0,1,0,0
2015,15,Essendon,Melbourne,oddsmakers,-12.5,9.0,0,1,0,0
2015,15,Brisbane,Sydney,oddsmakers,-38.5,-21.0,0,0,0,1
2015,15,GWS,St Kilda,oddsmakers,5.5,35.0,1,1,0,1
2015,15,Hawthorn,Fremantle,oddsmakers,18.5,72.0,1,1,0,1
2015,16,North Melbourne,Essendon,oddsmakers,30.5,25.0,1,1,0,1
2015,16,Sydney,Hawthorn,oddsmakers,-10.5,-89.0,0,0,0,1
2015,16,Fremantle,Carlton,oddsmakers,39.5,42.0,1,1,0,1
2015,16,Collingwood,West Coast,oddsmakers,-10.5,-31.0,0,0,0,1
2015,16,Geelong,Western Bulldogs,oddsmakers,8.5,8.0,1,1,0,1
2015,16,Gold Coast,GWS,oddsmakers,-5.5,-15.0,0,0,0,1
2015,16,Port Adelaide,Adelaide,oddsmakers,10.5,-3.0,1,0,0,0
2015,16,St Kilda,Richmond,oddsmakers,-16.5,-16.0,0,0,0,1
2015,16,Melbourne,Brisbane,oddsmakers,8.5,24.0,1,1,0,1
2015,17,Carlton,Hawthorn,oddsmakers,-65.5,-138.0,0,0,0,1
2015,17,Adelaide,Gold Coast,oddsmakers,30.5,45.0,1,1,0,1
2015,17,Essendon,Port Adelaide,oddsmakers,-18.5,-13.0,0,0,0,1
2015,17,Brisbane,North Melbourne,oddsmakers,-30.5,-72.0,0,0,0,1
2015,17,Richmond,Fremantle,oddsmakers,2.5,-4.0,1,0,0,0
2015,17,GWS,Geelong,oddsmakers,2.5,-27.0,1,0,0,0
2015,17,West Coast,Sydney,oddsmakers,20.5,52.0,1,1,0,1
2015,17,Western Bulldogs,Collingwood,oddsmakers,-5.5,18.0,0,1,0,0
2015,17,Melbourne,St Kilda,oddsmakers,-3.5,-37.0,0,0,0,1
2015,18,Hawthorn,Richmond,oddsmakers,34.5,-18.0,1,0,0,0
2015,18,Carlton,North Melbourne,oddsmakers,-36.5,-64.0,0,0,0,1
2015,18,Geelong,Brisbane,oddsmakers,40.5,56.0,1,1,0,1
2015,18,Collingwood,Melbourne,oddsmakers,22.5,-37.0,1,0,0,0
2015,18,Gold Coast,West Coast,oddsmakers,-49.5,0.0,0,0,1,1
2015,18,Sydney,Adelaide,oddsmakers,16.5,52.0,1,1,0,1
2015,18,Port Adelaide,St Kilda,oddsmakers,30.5,63.0,1,1,0,1
2015,18,Fremantle,GWS,oddsmakers,27.5,21.0,1,1,0,1
2015,18,Essendon,Western Bulldogs,oddsmakers,-16.5,-87.0,0,0,0,1
2015,19,Adelaide,Richmond,oddsmakers,-5.5,36.0,0,1,0,0
2015,19,West Coast,Hawthorn,oddsmakers,-9.5,-14.0,0,0,0,1
2015,19,Western Bulldogs,Port Adelaide,oddsmakers,5.5,64.0,1,1,0,1
2015,19,Geelong,Sydney,oddsmakers,1.5,32.0,0,1,0,0
2015,19,Brisbane,Gold Coast,oddsmakers,-9.5,-14.0,0,0,0,1
2015,19,Collingwood,Carlton,oddsmakers,28.5,18.0,1,1,0,1
2015,19,St Kilda,Fremantle,oddsmakers,-12.5,-37.0,0,0,0,1
2015,19,Melbourne,North Melbourne,oddsmakers,-21.5,-35.0,0,0,0,1
2015,19,GWS,Essendon,oddsmakers,27.5,32.0,1,1,0,1
2015,20,Sydney,Collingwood,oddsmakers,19.5,11.0,1,1,0,1
2015,20,Port Adelaide,GWS,oddsmakers,25.5,21.0,1,1,0,1
2015,20,North Melbourne,St Kilda,oddsmakers,34.5,37.0,1,1,0,1
2015,20,Essendon,Adelaide,oddsmakers,-25.5,-112.0,0,0,0,1
2015,20,Brisbane,Carlton,oddsmakers,6.5,64.0,1,1,0,1
2015,20,Geelong,Hawthorn,oddsmakers,-27.5,-36.0,0,0,0,1
2015,20,Fremantle,West Coast,oddsmakers,6.5,-24.0,1,0,0,0
2015,20,Western Bulldogs,Melbourne,oddsmakers,28.5,98.0,1,1,0,1
2015,20,Richmond,Gold Coast,oddsmakers,41.5,83.0,1,1,0,1
2015,21,Hawthorn,Port Adelaide,oddsmakers,49.5,-22.0,1,0,0,0
2015,21,Adelaide,Brisbane,oddsmakers,48.5,87.0,1,1,0,1
2015,21,St Kilda,Geelong,oddsmakers,-29.5,0.0,0,0,1,1
2015,21,Collingwood,Richmond,oddsmakers,-14.5,-91.0,0,0,0,1
2015,21,Gold Coast,Essendon,oddsmakers,10.5,2.0,1,1,0,1
2015,21,GWS,Sydney,oddsmakers,-11.5,-89.0,0,0,0,1
2015,21,West Coast,Western Bulldogs,oddsmakers,23.5,77.0,1,1,0,1
2015,21,North Melbourne,Fremantle,oddsmakers,5.5,11.0,1,1,0,1
2015,21,Carlton,Melbourne,oddsmakers,-17.5,23.0,0,1,0,0
2015,22,Geelong,Collingwood,oddsmakers,15.5,-48.0,1,0,0,0
2015,22,North Melbourne,Western Bulldogs,oddsmakers,6.5,-23.0,1,0,0,0
2015,22,Essendon,Richmond,oddsmakers,-38.5,-27.0,0,0,0,1
2015,22,Gold Coast,Port Adelaide,oddsmakers,-19.5,-37.0,0,0,0,1
2015,22,GWS,Carlton,oddsmakers,30.5,81.0,1,1,0,1
2015,22,Hawthorn,Brisbane,oddsmakers,68.5,72.0,1,1,0,1
2015,22,Adelaide,West Coast,oddsmakers,-3.5,57.0,0,1,0,0
2015,22,Fremantle,Melbourne,oddsmakers,43.5,54.0,1,1,0,1
2015,22,St Kilda,Sydney,oddsmakers,-28.5,-97.0,0,0,0,1
2015,23,Richmond,North Melbourne,oddsmakers,48.5,41.0,1,1,0,1
2015,23,Port Adelaide,Fremantle,oddsmakers,58.5,69.0,1,1,0,1
2015,23,West Coast,St Kilda,oddsmakers,53.5,95.0,1,1,0,1
2015,23,Geelong,Adelaide,oddsmakers,-8.5,39.0,0,1,0,0
2015,23,Brisbane,Western Bulldogs,oddsmakers,-28.5,8.0,0,1,0,0
2015,23,Hawthorn,Carlton,oddsmakers,72.5,57.0,1,1,0,1
2015,23,Sydney,Gold Coast,oddsmakers,55.5,63.0,1,1,0,1
2015,23,Melbourne,GWS,oddsmakers,-10.5,26.0,0,1,0,0
2015,23,Collingwood,Essendon,oddsmakers,23.5,-3.0,1,0,0,0
2015,25,West Coast,Hawthorn,oddsmakers,-7.5,32.0,0,1,0,0
2015,25,Fremantle,Sydney,oddsmakers,16.5,9.0,1,1,0,1
2015,25,Western Bulldogs,Adelaide,oddsmakers,1.5,-7.0,1,0,0,0
2015,25,Richmond,North Melbourne,oddsmakers,8.5,-17.0,1,0,0,0
2015,26,Hawthorn,Adelaide,oddsmakers,24.5,74.0,1,1,0,1
2015,26,Sydney,North Melbourne,oddsmakers,10.5,-26.0,1,0,0,0
2015,27,Fremantle,Hawthorn,oddsmakers,-6.5,-27.0,0,0,0,1
2015,27,West Coast,North Melbourne,oddsmakers,30.5,25.0,1,1,0,1
2015,28,Hawthorn,West Coast,oddsmakers,9.5,46.0,1,1,0,1
2016,1,Richmond,Carlton,oddsmakers,27.5,9.0,1,1,0,1
2016,1,Sydney,Collingwood,oddsmakers,10.5,80.0,1,1,0,1
2016,1,North Melbourne,Adelaide,oddsmakers,13.5,10.0,1,1,0,1
2016,1,Melbourne,GWS,oddsmakers,-7.5,2.0,0,1,0,0
2016,1,Gold Coast,Essendon,oddsmakers,40.5,61.0,1,1,0,1
2016,1,Port Adelaide,St Kilda,oddsmakers,38.5,33.0,1,1,0,1
2016,1,West Coast,Brisbane,oddsmakers,57.5,64.0,1,1,0,1
2016,1,Western Bulldogs,Fremantle,oddsmakers,7.5,65.0,1,1,0,1
2016,1,Geelong,Hawthorn,oddsmakers,-6.5,30.0,0,1,0,0
2016,2,Collingwood,Richmond,oddsmakers,-3.5,1.0,0,1,0,0
2016,2,Adelaide,Port Adelaide,oddsmakers,-1.5,58.0,0,1,0,0
2016,2,Fremantle,Gold Coast,oddsmakers,26.5,-26.0,1,0,0,0
2016,2,St Kilda,Western Bulldogs,oddsmakers,-25.5,-57.0,0,0,0,1
2016,2,Brisbane,North Melbourne,oddsmakers,-25.5,-34.0,0,0,0,1
2016,2,Essendon,Melbourne,oddsmakers,-38.5,13.0,0,1,0,0
2016,2,Carlton,Sydney,oddsmakers,-29.5,-60.0,0,0,0,1
2016,2,Hawthorn,West Coast,oddsmakers,-4.5,46.0,0,1,0,0
2016,2,GWS,Geelong,oddsmakers,-13.5,13.0,0,1,0,0
2016,3,Port Adelaide,Essendon,oddsmakers,45.5,61.0,1,1,0,1
2016,3,West Coast,Fremantle,oddsmakers,20.5,33.0,1,1,0,1
2016,3,Richmond,Adelaide,oddsmakers,-2.5,-36.0,0,0,0,1
2016,3,St Kilda,Collingwood,oddsmakers,-9.5,29.0,0,1,0,0
2016,3,Gold Coast,Carlton,oddsmakers,36.5,54.0,1,1,0,1
2016,3,Sydney,GWS,oddsmakers,17.5,25.0,1,1,0,1
2016,3,North Melbourne,Melbourne,oddsmakers,38.5,5.0,1,1,0,1
2016,3,Western Bulldogs,Hawthorn,oddsmakers,-1.5,-3.0,0,0,0,1
2016,3,Geelong,Brisbane,oddsmakers,54.5,69.0,1,1,0,1
2016,4,West Coast,Richmond,oddsmakers,28.5,68.0,1,1,0,1
2016,4,Adelaide,Sydney,oddsmakers,1.5,10.0,1,1,0,1
2016,4,Carlton,Western Bulldogs,oddsmakers,-49.5,-36.0,0,0,0,1
2016,4,Brisbane,Gold Coast,oddsmakers,-16.5,13.0,0,1,0,0
2016,4,Essendon,Geelong,oddsmakers,-55.5,-30.0,0,0,0,1
2016,4,Hawthorn,St Kilda,oddsmakers,42.5,3.0,1,1,0,1
2016,4,North Melbourne,Fremantle,oddsmakers,30.5,31.0,1,1,0,1
2016,4,Collingwood,Melbourne,oddsmakers,17.5,-35.0,1,0,0,0
2016,4,GWS,Port Adelaide,oddsmakers,-0.5,86.0,0,1,0,0
2016,5,Hawthorn,Adelaide,oddsmakers,19.5,3.0,1,1,0,1
2016,5,Port Adelaide,Geelong,oddsmakers,-3.5,-48.0,0,0,0,1
2016,5,Western Bulldogs,Brisbane,oddsmakers,42.5,53.0,1,1,0,1
2016,5,Gold Coast,North Melbourne,oddsmakers,-19.5,-38.0,0,0,0,1
2016,5,Sydney,West Coast,oddsmakers,8.5,39.0,1,1,0,1
2016,5,Fremantle,Carlton,oddsmakers,35.5,-4.0,1,0,0,0
2016,5,St Kilda,GWS,oddsmakers,-9.5,-47.0,0,0,0,1
2016,5,Melbourne,Richmond,oddsmakers,-6.5,33.0,0,1,0,0
2016,5,Collingwood,Essendon,oddsmakers,23.5,69.0,1,1,0,1
2016,6,North Melbourne,Western Bulldogs,oddsmakers,2.5,16.0,1,1,0,1
2016,6,Adelaide,Fremantle,oddsmakers,47.5,33.0,1,1,0,1
2016,6,Melbourne,St Kilda,oddsmakers,5.5,-39.0,1,0,0,0
2016,6,Geelong,Gold Coast,oddsmakers,48.5,120.0,1,1,0,1
2016,6,Richmond,Port Adelaide,oddsmakers,19.5,-35.0,1,0,0,0
2016,6,GWS,Hawthorn,oddsmakers,-3.5,75.0,0,1,0,0
2016,6,West Coast,Collingwood,oddsmakers,45.5,62.0,1,1,0,1
2016,6,Brisbane,Sydney,oddsmakers,-35.5,-3.0,0,0,0,1
2016,6,Carlton,Essendon,oddsmakers,14.5,15.0,1,1,0,1
2016,7,Richmond,Hawthorn,oddsmakers,-28.5,-46.0,0,0,0,1
2016,7,Sydney,Essendon,oddsmakers,70.5,81.0,1,1,0,1
2016,7,Fremantle,GWS,oddsmakers,-23.5,-18.0,0,0,0,1
2016,7,Western Bulldogs,Adelaide,oddsmakers,4.5,15.0,1,1,0,1
2016,7,Geelong,West Coast,oddsmakers,11.5,44.0,1,1,0,1
2016,7,Collingwood,Carlton,oddsmakers,10.5,-15.0,1,0,0,0
2016,7,Gold Coast,Melbourne,oddsmakers,2.5,-73.0,1,0,0,0
2016,7,Port Adelaide,Brisbane,oddsmakers,18.5,77.0,1,1,0,1
2016,7,St Kilda,North Melbourne,oddsmakers,-22.5,-7.0,0,0,0,1
2016,8,Adelaide,Geelong,oddsmakers,-2.5,-26.0,0,0,0,1
2016,8,Essendon,North Melbourne,oddsmakers,-51.5,-14.0,0,0,0,1
2016,8,Brisbane,Collingwood,oddsmakers,6.5,-78.0,1,0,0,0
2016,8,Richmond,Sydney,oddsmakers,-22.5,1.0,0,1,0,0
2016,8,GWS,Gold Coast,oddsmakers,55.5,91.0,1,1,0,1
2016,8,Hawthorn,Fremantle,oddsmakers,45.5,41.0,1,1,0,1
2016,8,West Coast,St Kilda,oddsmakers,39.5,103.0,1,1,0,1
2016,8,Carlton,Port Adelaide,oddsmakers,-11.5,2.0,0,1,0,0
2016,8,Melbourne,Western Bulldogs,oddsmakers,-16.5,-32.0,0,0,0,1
2016,9,Hawthorn,Sydney,oddsmakers,4.5,-14.0,1,0,0,0
2016,9,Port Adelaide,West Coast,oddsmakers,-10.5,-8.0,0,0,0,1
2016,9,Fremantle,Richmond,oddsmakers,-8.5,-38.0,0,0,0,1
2016,9,North Melbourne,Carlton,oddsmakers,27.5,67.0,1,1,0,1
2016,9,Collingwood,Geelong,oddsmakers,-39.5,24.0,0,1,0,0
2016,9,Gold Coast,Adelaide,oddsmakers,-55.5,-75.0,0,0,0,1
2016,9,St Kilda,Essendon,oddsmakers,30.5,46.0,1,1,0,1
2016,9,Melbourne,Brisbane,oddsmakers,38.5,63.0,1,1,0,1
2016,9,GWS,Western Bulldogs,oddsmakers,18.5,25.0,1,1,0,1
2016,10,Sydney,North Melbourne,oddsmakers,17.5,26.0,1,1,0,1
2016,10,Adelaide,GWS,oddsmakers,-1.5,22.0,0,1,0,0
2016,10,St Kilda,Fremantle,oddsmakers,22.5,34.0,1,1,0,1
2016,10,Brisbane,Hawthorn,oddsmakers,-48.5,-48.0,0,0,0,1
2016,10,Essendon,Richmond,oddsmakers,-34.5,-38.0,0,0,0,1
2016,10,Melbourne,Port Adelaide,oddsmakers,-4.5,-45.0,0,0,0,1
2016,10,West Coast,Gold Coast,oddsmakers,67.5,77.0,1,1,0,1
2016,10,Carlton,Geelong,oddsmakers,-46.5,19.0,0,1,0,0
2016,10,Collingwood,Western Bulldogs,oddsmakers,-13.5,-21.0,0,0,0,1
2016,11,North Melbourne,Richmond,oddsmakers,10.5,70.0,1,1,0,1
2016,11,Fremantle,Essendon,oddsmakers,23.5,79.0,1,1,0,1
2016,11,Carlton,Brisbane,oddsmakers,26.5,38.0,1,1,0,1
2016,11,Geelong,GWS,oddsmakers,13.5,10.0,1,1,0,1
2016,11,Hawthorn,Melbourne,oddsmakers,25.5,18.0,1,1,0,1
2016,11,Gold Coast,Sydney,oddsmakers,-36.5,-38.0,0,0,0,1
2016,11,Adelaide,St Kilda,oddsmakers,35.5,88.0,1,1,0,1
2016,11,Western Bulldogs,West Coast,oddsmakers,5.5,8.0,1,1,0,1
2016,11,Collingwood,Port Adelaide,oddsmakers,-1.5,-67.0,0,0,0,1
2016,12,Essendon,Hawthorn,oddsmakers,-52.5,-108.0,0,0,0,1
2016,12,Port Adelaide,Western Bulldogs,oddsmakers,5.5,-3.0,1,0,0,0
2016,12,West Coast,Adelaide,oddsmakers,13.5,-29.0,1,0,0,0
2016,12,Geelong,North Melbourne,oddsmakers,0.5,31.0,1,1,0,1
2016,12,Brisbane,Fremantle,oddsmakers,-6.5,-83.0,0,0,0,1
2016,12,St Kilda,Carlton,oddsmakers,-10.5,32.0,0,1,0,0
2016,12,Richmond,Gold Coast,oddsmakers,36.5,17.0,1,1,0,1
2016,12,GWS,Sydney,oddsmakers,-2.5,42.0,0,1,0,0
2016,12,Melbourne,Collingwood,oddsmakers,8.5,46.0,1,1,0,1
2016,13,North Melbourne,Hawthorn,oddsmakers,-24.5,-9.0,0,0,0,1
2016,13,Fremantle,Port Adelaide,oddsmakers,-9.5,17.0,0,1,0,0
2016,13,Western Bulldogs,Geelong,oddsmakers,-9.5,-57.0,0,0,0,1
2016,13,Brisbane,West Coast,oddsmakers,-47.5,-49.0,0,0,0,1
2016,13,Essendon,GWS,oddsmakers,-64.5,-27.0,0,0,0,1
2016,13,Sydney,Melbourne,oddsmakers,26.5,55.0,1,1,0,1
2016,14,Adelaide,North Melbourne,oddsmakers,23.5,33.0,1,1,0,1
2016,14,Collingwood,Fremantle,oddsmakers,2.5,48.0,1,1,0,1
2016,14,St Kilda,Geelong,oddsmakers,-35.5,3.0,0,1,0,0
2016,14,Richmond,Brisbane,oddsmakers,56.5,42.0,1,1,0,1
2016,14,GWS,Carlton,oddsmakers,57.5,62.0,1,1,0,1
2016,14,Hawthorn,Gold Coast,oddsmakers,52.5,26.0,1,1,0,1
2016,15,West Coast,Essendon,oddsmakers,69.5,78.0,1,1,0,1
2016,15,Port Adelaide,Richmond,oddsmakers,21.5,38.0,1,1,0,1
2016,15,Carlton,Collingwood,oddsmakers,-9.5,-12.0,0,0,0,1
2016,15,Gold Coast,St Kilda,oddsmakers,1.5,40.0,1,1,0,1
2016,15,Sydney,Western Bulldogs,oddsmakers,16.5,-4.0,1,0,0,0
2016,15,Melbourne,Adelaide,oddsmakers,-23.5,-22.0,0,0,0,1
2016,16,Port Adelaide,Hawthorn,oddsmakers,-5.5,-22.0,0,0,0,1
2016,16,Geelong,Sydney,oddsmakers,19.5,-38.0,1,0,0,0
2016,16,Western Bulldogs,Richmond,oddsmakers,33.5,10.0,1,1,0,1
2016,16,Gold Coast,Brisbane,oddsmakers,34.5,26.0,1,1,0,1
2016,16,GWS,Collingwood,oddsmakers,45.5,-32.0,1,0,0,0
2016,16,Melbourne,Fremantle,oddsmakers,13.5,32.0,1,1,0,1
2016,16,West Coast,North Melbourne,oddsmakers,22.5,32.0,1,1,0,1
2016,16,Essendon,St Kilda,oddsmakers,-40.5,-11.0,0,0,0,1
2016,16,Carlton,Adelaide,oddsmakers,-38.5,-60.0,0,0,0,1
2016,17,Sydney,Hawthorn,oddsmakers,9.5,-5.0,1,0,0,0
2016,17,Fremantle,Geelong,oddsmakers,-20.5,-17.0,0,0,0,1
2016,17,Adelaide,Collingwood,oddsmakers,38.5,28.0,1,1,0,1
2016,17,Western Bulldogs,Gold Coast,oddsmakers,43.5,48.0,1,1,0,1
2016,17,North Melbourne,Port Adelaide,oddsmakers,18.5,-28.0,1,0,0,0
2016,17,Richmond,Essendon,oddsmakers,34.5,19.0,1,1,0,1
2016,17,St Kilda,Melbourne,oddsmakers,-7.5,36.0,0,1,0,0
2016,17,Brisbane,GWS,oddsmakers,-46.5,-79.0,0,0,0,1
2016,17,Carlton,West Coast,oddsmakers,-33.5,-7.0,0,0,0,1
2016,18,Collingwood,North Melbourne,oddsmakers,-1.5,-40.0,0,0,0,1
2016,18,West Coast,Melbourne,oddsmakers,34.5,6.0,1,1,0,1
2016,18,Western Bulldogs,St Kilda,oddsmakers,20.5,-15.0,1,0,0,0
2016,18,Geelong,Adelaide,oddsmakers,1.5,30.0,1,1,0,1
2016,18,Gold Coast,Fremantle,oddsmakers,1.5,24.0,1,1,0,1
2016,18,Sydney,Carlton,oddsmakers,48.5,6.0,1,1,0,1
2016,18,Port Adelaide,GWS,oddsmakers,-3.5,-19.0,0,0,0,1
2016,18,Essendon,Brisbane,oddsmakers,15.5,-37.0,1,0,0,0
2016,18,Hawthorn,Richmond,oddsmakers,36.5,70.0,1,1,0,1
2016,19,Geelong,Western Bulldogs,oddsmakers,23.5,25.0,1,1,0,1
2016,19,North Melbourne,St Kilda,oddsmakers,11.5,23.0,1,1,0,1
2016,19,Brisbane,Port Adelaide,oddsmakers,-39.5,-94.0,0,0,0,1
2016,19,Collingwood,West Coast,oddsmakers,-5.5,19.0,0,1,0,0
2016,19,GWS,Richmond,oddsmakers,51.5,88.0,1,1,0,1
2016,19,Hawthorn,Carlton,oddsmakers,43.5,19.0,1,1,0,1
2016,19,Adelaide,Essendon,oddsmakers,75.5,82.0,1,1,0,1
2016,19,Fremantle,Sydney,oddsmakers,-24.5,-90.0,0,0,0,1
2016,19,Melbourne,Gold Coast,oddsmakers,38.5,2.0,1,1,0,1
2016,20,Richmond,Collingwood,oddsmakers,-21.5,15.0,0,1,0,0
2016,20,Adelaide,Brisbane,oddsmakers,86.5,138.0,1,1,0,1
2016,20,Western Bulldogs,North Melbourne,oddsmakers,-7.5,14.0,0,1,0,0
2016,20,Melbourne,Hawthorn,oddsmakers,-32.5,29.0,0,1,0,0
2016,20,Gold Coast,GWS,oddsmakers,-43.5,-8.0,0,0,0,1
2016,20,Sydney,Port Adelaide,oddsmakers,22.5,67.0,1,1,0,1
2016,20,Fremantle,West Coast,oddsmakers,-30.5,-46.0,0,0,0,1
2016,20,Geelong,Essendon,oddsmakers,70.5,66.0,1,1,0,1
2016,20,Carlton,St Kilda,oddsmakers,-10.5,-71.0,0,0,0,1
2016,21,Western Bulldogs,Collingwood,oddsmakers,18.5,3.0,1,1,0,1
2016,21,Port Adelaide,Melbourne,oddsmakers,15.5,-40.0,1,0,0,0
2016,21,St Kilda,Sydney,oddsmakers,-17.5,-70.0,0,0,0,1
2016,21,Brisbane,Carlton,oddsmakers,-21.5,4.0,0,1,0,0
2016,21,Hawthorn,North Melbourne,oddsmakers,24.5,39.0,1,1,0,1
2016,21,GWS,West Coast,oddsmakers,25.5,-1.0,1,0,0,0
2016,21,Fremantle,Adelaide,oddsmakers,-46.5,-72.0,0,0,0,1
2016,21,Essendon,Gold Coast,oddsmakers,-19.5,6.0,0,1,0,0
2016,21,Richmond,Geelong,oddsmakers,-33.5,-4.0,0,0,0,1
2016,22,West Coast,Hawthorn,oddsmakers,3.5,25.0,1,1,0,1
2016,22,Port Adelaide,Adelaide,oddsmakers,-44.5,-15.0,0,0,0,1
2016,22,North Melbourne,Sydney,oddsmakers,-20.5,-9.0,0,0,0,1
2016,22,Collingwood,Gold Coast,oddsmakers,28.5,71.0,1,1,0,1
2016,22,Richmond,St Kilda,oddsmakers,-7.5,-9.0,0,0,0,1
2016,22,GWS,Fremantle,oddsmakers,76.5,92.0,1,1,0,1
2016,22,Essendon,Western Bulldogs,oddsmakers,-43.5,-40.0,0,0,0,1
2016,22,Brisbane,Geelong,oddsmakers,-59.5,-60.0,0,0,0,1
2016,22,Carlton,Melbourne,oddsmakers,-25.5,20.0,0,1,0,0
2016,23,Adelaide,West Coast,oddsmakers,25.5,-29.0,1,0,0,0
2016,23,North Melbourne,GWS,oddsmakers,-13.5,-37.0,0,0,0,1
2016,23,Geelong,Melbourne,oddsmakers,35.5,111.0,1,1,0,1
2016,23,Essendon,Carlton,oddsmakers,-18.5,24.0,0,1,0,0
2016,23,Gold Coast,Port Adelaide,oddsmakers,-13.5,-23.0,0,0,0,1
2016,23,Sydney,Richmond,oddsmakers,55.5,113.0,1,1,0,1
2016,23,Fremantle,Western Bulldogs,oddsmakers,-16.5,20.0,0,1,0,0
2016,23,St Kilda,Brisbane,oddsmakers,54.5,58.0,1,1,0,1
2016,23,Hawthorn,Collingwood,oddsmakers,24.5,1.0,1,1,0,1
2016,25,West Coast,Western Bulldogs,oddsmakers,23.5,-47.0,1,0,0,0
2016,25,Geelong,Hawthorn,oddsmakers,8.5,2.0,1,1,0,1
2016,25,Sydney,GWS,oddsmakers,11.5,-36.0,1,0,0,0
2016,25,Adelaide,North Melbourne,oddsmakers,39.5,62.0,1,1,0,1
2016,26,Hawthorn,Western Bulldogs,oddsmakers,9.5,-23.0,1,0,0,0
2016,26,Sydney,Adelaide,oddsmakers,9.5,36.0,1,1,0,1
2016,27,Geelong,Sydney,oddsmakers,8.5,-37.0,1,0,0,0
2016,27,GWS,Western Bulldogs,oddsmakers,20.5,-6.0,1,0,0,0
2016,28,Sydney,Western Bulldogs,oddsmakers,11.5,-22.0,1,0,0,0
